id,pm2_5
id_ihxgrbq8bw,14.851944398040473
id_dg6s4fhiwe,15.21266086187537
id_f7hwwtmuzp,12.830704612958753
id_ioese5awdg,25.500525467971325
id_hdw320zpls,13.984382882104653
id_wnxl0jyxdm,13.020730297024288
id_irr46cfvrz,21.516520455070193
id_l3lg8y1tar,23.765106783015437
id_9bzncgu7ap,13.18579173184684
id_tq8gz80e59,13.404584495265716
id_gouch6j71l,14.027713719930418
id_gvg6pup3v5,13.742842838195648
id_xsyh8m7o0c,16.21154585623119
id_hsr9nym75x,17.600456882397122
id_kk2mprzws5,15.087382691247566
id_zztb716ruj,21.440341892359918
id_nc37c47azq,16.728730451126797
id_aq2zwrpazm,12.915574324504725
id_1if5noe1b4,17.937955228714983
id_9ch9qgghhp,22.06428445062163
id_i8ez1ppqtt,13.988759253896342
id_1gzede3sx1,14.076246435915614
id_c0cjjirgpf,14.192447554450267
id_y3cgdjsgq1,14.9205229772095
id_hqfk9eb7i3,12.82606778855309
id_heuv8vkjh4,13.74665362029948
id_fcoot945yi,16.23631537838146
id_h4j7gdpygc,13.830920512904765
id_0z5dftxu4p,10.164457247626483
id_0l3lpe7b09,13.773744096720604
id_q51pjcyt8q,16.02500413508296
id_5y5tak334a,22.84750029871682
id_ffpap9n3bi,13.824526847076397
id_wlrkf9c15k,18.328567984512027
id_i2rh9ih3f4,18.968233240705825
id_uqm3krxam7,17.188838521553958
id_3iwa156mvm,19.42773830231312
id_1lz3s1bdxs,20.382579467429174
id_jmqt01idjp,18.367198591533313
id_8gb7nw0rmx,21.124155229796923
id_4xwo0p10w6,21.99026636023916
id_m5bwlzsq1q,19.012743793271923
id_z4d44hh4z0,25.650486934484746
id_pmh6yxhfva,27.666842970414162
id_35d6qsok4a,21.957986824739432
id_77htjr9yc8,31.25709604910222
id_t8vdruehat,35.186468916943404
id_jckj5zjs3u,41.47665369996683
id_iaz7r7qv9z,38.08304041318046
id_uifln55ls5,40.4574396646985
id_d32frejzqm,37.712030448000455
id_exdub9ncvr,44.81503411466929
id_mxkrqowab2,47.774587991665705
id_y8ho5r6i9n,36.511861136664635
id_fiygo06opn,36.01051205526958
id_o3dfdr4sk8,45.471817335049494
id_akv54mqumg,51.04166162835667
id_h24kmkoube,16.999541515279628
id_x3hkwvtuum,11.369222942651605
id_w5yebgnpv0,15.315316856517386
id_0sqrmgfxq8,10.807258815325113
id_af7sxbklj4,11.930712518827265
id_hv5isckfyd,16.19843546919051
id_ghg0lmyh5v,16.400195090867147
id_wpckthcmjz,13.037009528372758
id_u8j139024n,10.402672288042837
id_1jadvwi51a,10.832893750691415
id_1gm8yzoyli,11.937283651902645
id_qsbblt5w3q,14.80446822027287
id_51h39wnp4b,10.10686429274485
id_ny5f2xtwmp,12.532100479359602
id_3dhao9xr06,9.715784837815473
id_wwcepeo72q,12.637243649405791
id_aekpxa9j8r,13.792310244029435
id_hlshs2v7p0,8.953569433613506
id_csaw4okqxs,11.622734361218866
id_a57xn6b266,12.108817116285016
id_v6zbdry3ae,13.28254461547031
id_mjgt3wrumc,15.879135590108515
id_rb71ryy76k,14.27845376363582
id_rzzwlgdruk,12.578651361998979
id_bg7hzhz9s5,11.541425231274783
id_9f0xa0vpm0,15.527977617955584
id_x19qug1u9n,21.235544156947793
id_neebsy7lt3,20.20248284794412
id_k5jc67rf2q,15.429855182928826
id_6vw340icrq,26.402772788741753
id_rpzdo2jabq,19.00286423751446
id_3m8w0ho783,20.679339025456947
id_2ziuzg6bnw,17.849460299833076
id_4hps6472o7,18.67562313064253
id_9cb9qenzw7,23.008628676441557
id_6rvd06xnhq,20.595097082853847
id_22gpyw7j4j,20.595097082853847
id_970drtediu,23.126820474327165
id_oec1w7ootb,21.265610254422285
id_7onpirv1s3,22.19390007189194
id_8rt8qfy8h4,19.434694584231487
id_e69vc06bss,25.803422567992484
id_7dv4xh47cy,24.827051597634764
id_vfx2x5hc15,31.90281852628567
id_ljvpa6cdtz,21.81131278268614
id_faa2v5ox7q,19.839000837102756
id_t6xdbl4ne4,17.58848731877936
id_r2fdbsyh1n,18.505380716309222
id_jhwi52u0q3,19.9320835057895
id_55pa9g9m9g,19.279576002540832
id_u347bmckbj,17.404191637231907
id_3ygrfqgttc,18.60127647153121
id_z7heeojpzb,23.335488242397464
id_utgueavnmx,19.851369952618317
id_h2tqqtxe1w,20.9541062108247
id_mrdqqwst7r,16.930211778068898
id_5053tusxc6,19.3679373709911
id_h6t5tbsidc,25.504961787931077
id_4fs05d28s6,24.534460237474285
id_qye7jwpbs8,22.880833689184236
id_um00ew0g1b,18.13596146987951
id_fzvy60mdma,16.54387519358094
id_l7u41q4cr9,16.49863479219392
id_26og4v2wx5,19.713044422303764
id_b0a1xu6nu0,15.810469303950303
id_xumsw5m3ip,17.476902288161362
id_3ftig6nrpk,16.077002127625327
id_0ejl66y98y,22.470753682779662
id_ph0mqd3qdu,24.930377553971997
id_1j21vhuakg,23.027229681697886
id_9b866t3kcl,25.62379116745693
id_gm3rhu9jak,17.53563939949888
id_vldjdgbudl,19.581549259926096
id_sg9gnw6j9a,22.84377274536048
id_jy6wca6oh6,23.295541901287553
id_lgnofy6syn,25.497158811722084
id_g1j9pxh5yp,18.35196815935167
id_xoh80ei36j,18.743321153771042
id_g4idr9b72i,18.19653908064204
id_b7cn1tm7jw,21.164886169503077
id_3kkfl60mdt,17.155308021762814
id_3cnzembvt2,21.867004796587988
id_qh3hmxe3vl,19.565607319069052
id_dm2ngicucl,18.06451897171357
id_0pj7rbu5pl,20.746601347169637
id_0b7len9grt,17.507016468147114
id_lkjbthp6xi,16.463608748711437
id_msyur8bama,16.891367008646203
id_r6b4lems42,19.25199730119695
id_tdtmvz23p5,16.60062729229335
id_ucg35myewu,18.16742778427311
id_cpu27o1708,22.079293372492703
id_8g3bfwtmtc,21.959695202031256
id_lvwrewueod,18.41878088638333
id_vjr52dclmq,22.970515316663032
id_74lpfoxs1u,16.312078299059436
id_51ipsqq6fi,16.95540842528754
id_rgv5vz1wi7,14.669874170105043
id_xukt8h1854,16.13069090148568
id_pvjuaozpis,17.34931609320227
id_dpstb14com,14.851944398040473
id_hfo34xjax3,15.21266086187537
id_1xcm67i57m,12.830704612958753
id_5w78ao9f51,13.984382882104653
id_wjwp5bnl95,13.020730297024288
id_q29d5fhap5,21.516520455070193
id_stpxgfh6at,23.765106783015437
id_lp5fau1v5t,13.18579173184684
id_7oxqpk7s41,13.404584495265716
id_4dnmn33ra3,14.027713719930418
id_vxnrc9eyhk,13.742842838195648
id_ysrrbwixap,16.21154585623119
id_yhfx1lpevn,17.600456882397122
id_c6a44pvjv8,15.087382691247566
id_s9f3ml14cj,21.440341892359918
id_d0w9c0xp76,16.728730451126797
id_a9fbexs6qf,12.915574324504725
id_9wzfhpw4et,17.937955228714983
id_ryi27ogtvv,13.988759253896342
id_l4fl7gcf91,14.076246435915614
id_tkvbxrgren,14.192447554450267
id_1wkfcd4q6t,14.9205229772095
id_mc88pd2apf,12.82606778855309
id_00iv2sgwb9,13.74665362029948
id_e7lfbanu92,16.23631537838146
id_1mdkr0dgz1,12.417471385433334
id_evzlq1bdq7,13.830920512904765
id_0fzcmep80p,10.164457247626483
id_dwd9xbd5ep,13.773744096720604
id_845jje9evg,16.02500413508296
id_cbrgljomk4,22.84750029871682
id_xadne3g2dw,13.824526847076397
id_fdlsm6mg2z,18.328567984512027
id_r1w2mcb346,18.968233240705825
id_1c24ja9jag,17.188838521553958
id_h1v0nwz453,19.42773830231312
id_igvjbr17my,20.382579467429174
id_isnin8oj7j,18.367198591533313
id_lts441t4ge,21.99026636023916
id_7k86unkgbf,19.012743793271923
id_xs2ivx2taa,25.650486934484746
id_t8pxhu1lko,27.666842970414162
id_cncxlihk4l,21.957986824739432
id_u3n972yugw,31.25709604910222
id_5dtltk9ol8,35.186468916943404
id_2d4xbl322n,41.47665369996683
id_6ayd3hz9lc,38.08304041318046
id_fhedgc4ogi,23.05402710867858
id_je6xyskvqt,27.705424117344972
id_uqplr7i3e8,40.4574396646985
id_p2mep9skjf,37.712030448000455
id_klmztpbnj0,47.774587991665705
id_w8masqptnv,23.595021219207464
id_uqe5p1fz8i,36.511861136664635
id_vdcliffox0,36.01051205526958
id_suphbrot9x,45.471817335049494
id_qsl9hh9hbt,51.04166162835667
id_yorywxet0a,14.851944398040473
id_9rhbkh8kye,15.21266086187537
id_oh2pg7ik9m,12.830704612958753
id_u5xtrnbshq,25.500525467971325
id_pfcdhqpggy,13.984382882104653
id_rsbolu1d8s,13.020730297024288
id_1o41vsdb40,21.516520455070193
id_bthds7exkp,23.765106783015437
id_u2lx4hcr19,13.18579173184684
id_vt2seycroc,13.404584495265716
id_ev3xsimi3e,14.027713719930418
id_8wsnxwqlaw,13.742842838195648
id_jhks2agjzh,16.21154585623119
id_abc042gxa9,17.600456882397122
id_t39ajz3mpo,15.087382691247566
id_7l7bqpd71y,21.440341892359918
id_k9uhbcg8zv,16.728730451126797
id_kf067ifyeu,12.915574324504725
id_6axl9l8y0y,17.937955228714983
id_fknkdrl6fy,22.06428445062163
id_8gmporna5z,13.988759253896342
id_a4bmoty06e,14.076246435915614
id_czo0d13gtz,14.192447554450267
id_co7jt5xego,12.82606778855309
id_2x6lo1wgko,13.74665362029948
id_9wjap2et51,16.23631537838146
id_c7mps6h2ft,13.830920512904765
id_j8yje9gqi8,10.164457247626483
id_vju59tgxzh,13.773744096720604
id_8lap7ve7md,16.02500413508296
id_pvs9bs83s2,22.84750029871682
id_qdivis4t0b,13.824526847076397
id_6ihg5rmjar,18.328567984512027
id_enahmr353n,18.968233240705825
id_m5la6rz5vl,17.188838521553958
id_lyc6fznfhn,19.42773830231312
id_u15ftwfcl7,20.382579467429174
id_mjaugtu77u,18.367198591533313
id_h1bl0y44h5,21.124155229796923
id_ixfnpr6f21,21.99026636023916
id_37e3n0alew,19.012743793271923
id_mj9599i7yu,25.650486934484746
id_aq1df4iqdu,27.666842970414162
id_2e5mcgpio6,21.957986824739432
id_o99bic4pl9,31.25709604910222
id_wee03f0g34,35.186468916943404
id_ebyp7dsb2j,41.47665369996683
id_xrw2te1q07,38.08304041318046
id_e1pr3nswl9,40.4574396646985
id_20jn6yzhpi,37.712030448000455
id_ef9regkoel,44.81503411466929
id_ja9p3oi1ln,47.774587991665705
id_u4t0meqqix,36.511861136664635
id_ha9378tgsl,36.01051205526958
id_sm9fmjwje3,45.471817335049494
id_pq1s2kq7qs,51.04166162835667
id_zcw88t7w9n,15.21266086187537
id_9gqyxg4fuy,12.830704612958753
id_jlbv1pe7mw,25.500525467971325
id_nqkrnumlsr,13.984382882104653
id_vwov477zro,13.020730297024288
id_k8t4robso6,21.516520455070193
id_9574e2s4iv,23.765106783015437
id_g6sz61x3ui,13.404584495265716
id_65fdu115yz,16.21154585623119
id_jvvhzyikro,17.600456882397122
id_mjtm49jd0e,21.440341892359918
id_qisen8bs9m,16.728730451126797
id_4qcwh32n38,12.915574324504725
id_a1jgk8addq,17.937955228714983
id_eoh9eceljc,22.06428445062163
id_c9l6rfivhx,13.988759253896342
id_ity62l2ixr,14.076246435915614
id_b1kdt1v6wk,14.192447554450267
id_31slek226d,12.82606778855309
id_r5hynclox4,13.74665362029948
id_1zdag4te8b,16.23631537838146
id_9cji7mh5kx,13.830920512904765
id_pgt8lf7tci,10.164457247626483
id_9xwjmedzm3,13.773744096720604
id_qmng1j2b5t,16.02500413508296
id_lsjhv6dlig,22.84750029871682
id_5ei28dib31,13.824526847076397
id_djt23iw3mp,18.328567984512027
id_m9oojav91p,18.968233240705825
id_oivxgblcp2,19.42773830231312
id_0kdvltw7vu,21.124155229796923
id_6w4ajmwc5u,21.99026636023916
id_urkooowq9s,19.012743793271923
id_zj9z4qj012,25.650486934484746
id_8ziogga8ul,27.666842970414162
id_3p9o92k0y8,21.957986824739432
id_nys5746v2q,31.25709604910222
id_lfeylugwfg,35.186468916943404
id_doohdtcpi0,41.47665369996683
id_gvsxbrs2ay,38.08304041318046
id_tazjayaiyz,40.4574396646985
id_zrpmkxoezw,37.712030448000455
id_sqmq0975df,44.81503411466929
id_6lcd3eygj3,47.774587991665705
id_7rpimassqp,36.511861136664635
id_63ls321ztz,36.01051205526958
id_tkciymn5hs,45.471817335049494
id_kasmldlvq9,51.04166162835667
id_vlpyl2jer5,47.81983148989506
id_5qffgu5u3n,43.701238976691684
id_j988bph6z4,44.06641953866696
id_ws4odrtze8,37.17340716622067
id_wtahd5vwwm,47.81983148989506
id_07q159o6c5,43.701238976691684
id_zuwn8cdmpg,44.06641953866696
id_h18pxnwgaz,37.17340716622067
id_crcf47qz6r,18.60127647153121
id_s0472tpnvf,23.335488242397464
id_4x8344brzc,19.851369952618317
id_f3th0516p2,20.9541062108247
id_rq698snr9f,16.930211778068898
id_bqumy9109l,19.3679373709911
id_sa87ndj19i,25.504961787931077
id_l50a8gf4z2,22.880833689184236
id_d22097x7wg,18.13596146987951
id_o0l24mamhf,16.54387519358094
id_u0tbd0ho1d,16.49863479219392
id_jh9oqt4r06,19.713044422303764
id_s5qjht01ct,15.810469303950303
id_9jvayvxhsb,17.476902288161362
id_2ktyalo4fo,16.077002127625327
id_yytme869mp,22.470753682779662
id_qjy6t0mvby,24.930377553971997
id_vqx1ryf2ik,23.027229681697886
id_xlf2632glg,25.62379116745693
id_9ryn26zoyf,17.53563939949888
id_0bhupilpq3,19.581549259926096
id_3oog4p81et,23.295541901287553
id_7pwsq2822m,25.497158811722084
id_xco3eq9ewy,18.19653908064204
id_86pol7d8z8,21.164886169503077
id_4hq1smw4qm,17.155308021762814
id_mwm43tu1lt,21.867004796587988
id_egnnmgvz1t,19.565607319069052
id_ql3nhnzgo7,18.06451897171357
id_6yei7c05s5,20.746601347169637
id_37ncimqtl1,17.507016468147114
id_faigrj26mv,16.463608748711437
id_b8gmnur08k,16.891367008646203
id_uhkuycqlqg,19.25199730119695
id_hda4qbl82l,16.60062729229335
id_l81zesfyi6,18.16742778427311
id_8fw0qddr4t,22.079293372492703
id_3swlrvxi7m,21.959695202031256
id_2iq9tbz4bu,18.41878088638333
id_l3hzf7xam7,22.970515316663032
id_7yfs7z6re5,16.312078299059436
id_3qj7edycff,14.669874170105043
id_zz66kjwki8,16.13069090148568
id_836ugfrmfn,17.34931609320227
id_i7eew37mck,14.851944398040473
id_bxqgoacauj,15.21266086187537
id_0804vchmvm,13.020730297024288
id_o41hevo885,23.765106783015437
id_55ynsd7iob,13.18579173184684
id_xmnors3b2p,13.404584495265716
id_i0vim21vyr,14.027713719930418
id_9q4vgsr3t8,13.742842838195648
id_nzvtf8mk2z,16.21154585623119
id_qxhc5b04ve,17.600456882397122
id_bmoknxippd,15.087382691247566
id_y7pq8dp4ut,16.728730451126797
id_7ibql8i2hn,12.915574324504725
id_tbkdhkji8c,14.076246435915614
id_2xvazzddgt,14.192447554450267
id_vo6tjecx2y,14.9205229772095
id_td1i5lcg9k,13.74665362029948
id_ruc95ajmux,16.23631537838146
id_a0at61dzen,12.417471385433334
id_0zn9uivt40,13.830920512904765
id_qlx50d8vx2,10.164457247626483
id_u6z7b5cbh4,13.773744096720604
id_qruu4eejyy,16.02500413508296
id_9vwonnifzw,22.84750029871682
id_0lnfawjnjk,13.824526847076397
id_31uzu5wcsr,18.328567984512027
id_uzija37zrh,18.968233240705825
id_z6s5np5auh,17.188838521553958
id_p084kqcwjo,20.382579467429174
id_qvm8ttfb1f,18.367198591533313
id_yzoxe0nplf,21.124155229796923
id_n95r9k6tql,21.99026636023916
id_i6gb7eojjd,19.012743793271923
id_rj99alu30y,25.650486934484746
id_qlb79248k0,27.666842970414162
id_5gr1418j07,21.957986824739432
id_mvspb7k941,31.25709604910222
id_w5jw7d4cs6,35.186468916943404
id_ksu34mhpjr,41.47665369996683
id_rwz1uudt8t,38.08304041318046
id_q22kldhur3,27.705424117344972
id_2ax9dk8j9y,40.4574396646985
id_tld5diafyf,37.712030448000455
id_do4asz4s0g,44.81503411466929
id_3alewcubl0,47.774587991665705
id_8zu910kppu,23.595021219207464
id_1s9nyk6u7a,36.511861136664635
id_l88880p40e,36.01051205526958
id_hr17wz72sy,45.471817335049494
id_cjj6ks4lan,51.04166162835667
id_16wvcdazgi,16.999541515279628
id_iq6jofmcl3,11.369222942651605
id_tdu0u91xwk,15.315316856517386
id_62jccue0vl,10.807258815325113
id_3sef84eg2u,11.930712518827265
id_w0f6u87fds,16.19843546919051
id_jwcwkcbb4n,13.037009528372758
id_sipbb762jx,10.402672288042837
id_pw524o2hj4,10.832893750691415
id_qlj4brmgs2,10.10686429274485
id_6fw4q0j9so,12.532100479359602
id_squdps1yn8,12.637243649405791
id_92ijbpy5c7,13.792310244029435
id_5mdgs1tb11,8.953569433613506
id_pq77lq5wej,11.622734361218866
id_46mfsuetx3,12.108817116285016
id_l66xs53vq0,13.28254461547031
id_edk0v1a8wn,15.879135590108515
id_nztzaid365,12.578651361998979
id_1k9uqfcnfq,15.527977617955584
id_5rcti4kobf,15.429855182928826
id_al1l3ahw7b,20.679339025456947
id_3f3rzgujod,31.90281852628567
id_fr4pynhbb8,21.81131278268614
id_rnuqsg891b,19.839000837102756
id_3qw0q1r8qa,17.58848731877936
id_o84bqle0x6,18.505380716309222
id_han5yb04s9,19.279576002540832
id_n7pgevpqei,17.404191637231907
id_j0aw1xyk9t,18.60127647153121
id_xpcbsjawvs,19.851369952618317
id_y8vz7smn74,20.9541062108247
id_xtbriixm7z,16.930211778068898
id_l47atvid60,19.3679373709911
id_gqpbs3ql9v,22.880833689184236
id_mohvibrck6,18.13596146987951
id_m2e2vhsgc5,19.713044422303764
id_6q2dw9x7y4,16.077002127625327
id_r8hora5q1m,24.930377553971997
id_chvslqlmkj,22.84377274536048
id_z8b1es3pzh,18.19653908064204
id_crc6ejtto8,17.155308021762814
id_4hw7jthh0g,16.891367008646203
id_rtp2qosss7,19.25199730119695
id_2keurz29m5,18.16742778427311
id_5f0tzdcdu0,16.312078299059436
id_6g5cbmuktq,16.95540842528754
id_njm4qcclts,14.669874170105043
id_t8gjwi01yc,16.13069090148568
id_dfcidlgn6x,17.34931609320227
id_f7whsdcam5,14.851944398040473
id_hga8rjdes3,15.21266086187537
id_32z89yhhic,12.830704612958753
id_pza69wztdl,13.984382882104653
id_ndfihwmpp8,23.765106783015437
id_v6uj9ttsd9,13.18579173184684
id_qi267vxsvl,13.404584495265716
id_oezislbogz,14.027713719930418
id_yzmptlwk5v,13.742842838195648
id_1wgvveqkxt,16.21154585623119
id_hyunf795m9,15.087382691247566
id_9vmusmwa1w,21.440341892359918
id_7set4vt1jc,16.728730451126797
id_xsuqw4qhef,12.915574324504725
id_5rb2kj08fr,13.988759253896342
id_hub405wg5o,14.076246435915614
id_1dl4uombn1,14.192447554450267
id_0m5pjvhhts,13.74665362029948
id_wh6a14b72u,47.81983148989506
id_2gcokul8h5,43.701238976691684
id_ju5045k8te,44.06641953866696
id_lx8g1rejy7,37.17340716622067
id_xdcw1447i6,47.81983148989506
id_c530clrtlp,43.701238976691684
id_7bmurid7pw,44.06641953866696
id_z2s38nz9hk,37.17340716622067
id_18o8y735s3,13.792310244029435
id_wcox1ibc1u,8.953569433613506
id_8mteyw4ej2,11.622734361218866
id_yhr9822dsa,12.108817116285016
id_kx6r0n5p65,13.28254461547031
id_yll8ps5xps,15.879135590108515
id_2ss6w9mkjs,14.27845376363582
id_dywpbbt1rz,10.764570511353059
id_2sovq337ib,12.578651361998979
id_hl6vkdm5f3,11.541425231274783
id_7rweve2gtx,15.527977617955584
id_qenwsj9ypf,21.235544156947793
id_7tr958twwi,20.20248284794412
id_4pss24du4u,15.429855182928826
id_pvxshz55hm,26.402772788741753
id_hwn7gj0gnq,19.00286423751446
id_34w3aboagp,20.679339025456947
id_slzxbjxpdd,17.849460299833076
id_s9fvyed2xl,18.67562313064253
id_ojo4ns7rvu,23.008628676441557
id_oukj9m9l5u,20.595097082853847
id_4dncovxwgl,23.126820474327165
id_lhn0wnsi4q,21.265610254422285
id_8qzxmyj6yo,22.19390007189194
id_2st0ywh4w4,19.434694584231487
id_32luqy63su,25.803422567992484
id_oew67rrlis,13.792310244029435
id_byzy2benp0,8.953569433613506
id_16qarvdtx3,11.622734361218866
id_uxi3qu4l8e,12.108817116285016
id_vy83bxfo5s,13.28254461547031
id_z7ibc788zq,15.879135590108515
id_kbkbgy18jq,14.27845376363582
id_4zn86s4tbi,10.764570511353059
id_evx591r7y6,12.578651361998979
id_g6ojnnx069,11.541425231274783
id_7zixl3q2bq,15.527977617955584
id_0d9a1agg6b,21.235544156947793
id_3xt09a0de5,20.20248284794412
id_jbhh44km3c,15.429855182928826
id_5k2iegwee6,26.402772788741753
id_gibzm0hke2,19.00286423751446
id_zl5phiqojd,20.679339025456947
id_c15wxxvb75,17.849460299833076
id_dau6fb0sfx,18.67562313064253
id_z9dk6h8cfb,23.008628676441557
id_uvaqu4nzmb,20.595097082853847
id_qpglm1d719,23.126820474327165
id_ct64dm03s8,21.265610254422285
id_is4l5fwjuv,22.19390007189194
id_vh0bwrobbe,19.434694584231487
id_b0mjh0b71o,25.803422567992484
id_0bpne8ucld,24.827051597634764
id_kvvjrrryc4,31.90281852628567
id_n5ybzqzepc,21.81131278268614
id_jaimxbu1pd,19.839000837102756
id_0l0w0orygd,17.58848731877936
id_lv55afmf77,18.505380716309222
id_9mfp6fw6w6,19.9320835057895
id_tafpzgg3t4,19.279576002540832
id_tiipv7kgu2,17.404191637231907
id_kwiv66i7i5,18.60127647153121
id_nl69sct7fu,23.335488242397464
id_l74jt76ryc,19.851369952618317
id_bxgj47nybk,20.9541062108247
id_923xwmt66s,16.930211778068898
id_aq97mswwiv,19.3679373709911
id_4vrb5vlcz7,25.504961787931077
id_xayf6v05hn,24.534460237474285
id_8pk1rf7oxo,22.880833689184236
id_sq8128da6u,18.13596146987951
id_8ihfuq3i8d,16.54387519358094
id_87jd29uf6p,16.49863479219392
id_4xpx2dt8ki,19.713044422303764
id_hqpr9h9axr,15.810469303950303
id_1k55ze4pps,17.476902288161362
id_2znei70wfr,16.077002127625327
id_9hhcbap87f,22.470753682779662
id_hey12d7qim,22.470753682779662
id_lh2vl46a2o,24.930377553971997
id_yr2wo25x72,23.027229681697886
id_t52himkovl,25.62379116745693
id_7tvjar0eff,16.23631537838146
id_i208pdedfj,12.417471385433334
id_d77mj6yxxd,13.830920512904765
id_jh49madd8v,10.164457247626483
id_cz441c0g6w,13.773744096720604
id_l9egn04p70,16.02500413508296
id_aof0geeadz,36.511861136664635
id_l14us4afx1,36.01051205526958
id_cyjw5nlwm3,45.471817335049494
id_gzuqpix1lm,51.04166162835667
id_z09r8zdwpl,13.792310244029435
id_avet97ghyy,8.953569433613506
id_8xxxnyrpzm,11.622734361218866
id_5mzgmww3um,12.108817116285016
id_8vxge8fi9v,13.28254461547031
id_jnw9eiv9ni,15.879135590108515
id_gaui5cuwn7,14.27845376363582
id_bk4agfxg5e,10.764570511353059
id_5si10x4q6c,12.578651361998979
id_e9emj2d53x,11.541425231274783
id_9llllv5i9s,15.527977617955584
id_mndm12zy06,21.235544156947793
id_2pxml96i79,20.20248284794412
id_oi59maxbit,15.429855182928826
id_tf7klyuj5c,26.402772788741753
id_jf1h95hidf,19.00286423751446
id_4njytufcfi,20.679339025456947
id_2zbs60m1hv,17.849460299833076
id_kbe0e397n3,18.67562313064253
id_attl7s5eit,23.008628676441557
id_jyqg51mks7,20.595097082853847
id_yvtlt4qsb5,23.126820474327165
id_ququ54p5qn,21.265610254422285
id_b3olj60ip0,22.19390007189194
id_ucm77r7n42,19.434694584231487
id_i94hu4l2he,25.803422567992484
id_sem18a4eih,24.827051597634764
id_iu4c2k0vqm,31.90281852628567
id_jez7q9vvpv,21.81131278268614
id_0g0h5fvenr,19.839000837102756
id_leyce5nz7b,17.58848731877936
id_ctiuipzphp,18.505380716309222
id_1uq7qu2no8,19.9320835057895
id_ag7p6aauq3,19.279576002540832
id_4v2gdi94ys,17.404191637231907
id_oiz391vhbb,18.60127647153121
id_dkh1dm7jv5,23.335488242397464
id_xp48k28xsx,19.851369952618317
id_8hzzltjopy,20.9541062108247
id_jxwkemji67,16.930211778068898
id_9e6zoef7pb,19.3679373709911
id_kw3reqh73r,25.504961787931077
id_i3soe2f356,24.534460237474285
id_s3sjs08z01,22.880833689184236
id_wgstp1qsjl,18.13596146987951
id_c79996j5ij,16.54387519358094
id_xyptp35mvl,16.49863479219392
id_psuhom729k,19.713044422303764
id_pow9jv5ucp,15.810469303950303
id_6wvbbh34gm,17.476902288161362
id_dt7c3hug70,16.077002127625327
id_j5p89q7hag,22.470753682779662
id_kc953hqc6u,22.470753682779662
id_lc6edh3b2s,24.930377553971997
id_9spkaqz73s,23.027229681697886
id_3htqh6ssl4,25.62379116745693
id_zc1ovm5htd,17.53563939949888
id_w7wwg1utwa,19.581549259926096
id_25epdpbix4,22.84377274536048
id_vs0hncomou,23.295541901287553
id_reegezw0zr,25.497158811722084
id_f6x16pl89y,18.35196815935167
id_9a8jkl3m2r,18.743321153771042
id_hoz5wrgxox,18.19653908064204
id_5ziz8chtiw,21.164886169503077
id_l1g99w61j0,17.155308021762814
id_40onwzmie5,21.867004796587988
id_wplsrqbqg1,19.565607319069052
id_8zk238knxs,18.06451897171357
id_0u52beiaqr,20.746601347169637
id_g8dmi5cj2u,17.507016468147114
id_qvb2pi3nbx,16.463608748711437
id_9ocs33mybq,16.891367008646203
id_le65pdwgzs,19.25199730119695
id_kj6oinfm9j,16.60062729229335
id_tiqxiw34y0,18.16742778427311
id_j5q5ukj913,22.079293372492703
id_wfsqr784ue,21.959695202031256
id_19yb602oya,18.41878088638333
id_p5abbz6sni,22.970515316663032
id_sj35fk9ewl,16.312078299059436
id_asczdnpq0c,16.95540842528754
id_bcoprnh1dh,14.669874170105043
id_4hnps4a19v,16.13069090148568
id_slby4mvn69,17.34931609320227
id_fdcwmf2mqw,14.851944398040473
id_pc2ol1dymd,15.21266086187537
id_72hn9xr2mt,12.830704612958753
id_ooylyenf74,25.500525467971325
id_7c0tvcd4mf,13.984382882104653
id_vo7qco3vo4,13.020730297024288
id_tyda8qzu9y,21.516520455070193
id_qjo74p50vb,23.765106783015437
id_qftdjlnuxo,13.18579173184684
id_8zkhvf7knd,13.404584495265716
id_zjdfiws1ze,14.027713719930418
id_km0396cm8u,13.742842838195648
id_0zb66667qv,16.21154585623119
id_xkul5db55f,17.600456882397122
id_0882wi4vll,15.087382691247566
id_vyjoukh7a3,21.440341892359918
id_mgzj7k2c88,16.728730451126797
id_mj68hapwjy,12.915574324504725
id_4k7w1huz70,17.937955228714983
id_cc5r73bssv,13.988759253896342
id_lpc3qqqc79,14.076246435915614
id_dgd25e5l5n,14.192447554450267
id_2u5h8ssj8f,14.9205229772095
id_qekvi0qhbi,12.82606778855309
id_7t5rwbvncv,13.74665362029948
id_wip1lfenhd,16.23631537838146
id_fz1zlhsz58,12.417471385433334
id_fzhszn9qgh,13.830920512904765
id_drhboq2o8f,10.164457247626483
id_67f2qgxjr4,13.773744096720604
id_c9jyqp5ts3,16.02500413508296
id_o5nsm6bufm,22.84750029871682
id_fliahadafe,13.824526847076397
id_ljzcxva3j0,18.328567984512027
id_4fg7od0p2h,18.968233240705825
id_r0bgionrrx,17.188838521553958
id_5mrclq7yja,19.42773830231312
id_v6ji6xpykj,20.382579467429174
id_gzxccfruiy,18.367198591533313
id_rch18sl7fq,21.124155229796923
id_dycgsa1kum,21.99026636023916
id_dh2z6cu6bu,19.012743793271923
id_b3ij5seund,25.650486934484746
id_tziu881h86,27.666842970414162
id_321qju313s,21.957986824739432
id_dngcm1ubxs,31.25709604910222
id_vu0rtf6isv,35.186468916943404
id_tzfx3hbsak,41.47665369996683
id_rhg9ghnbc2,38.08304041318046
id_9hkqfrhrxo,27.705424117344972
id_1s9fc94wwm,40.4574396646985
id_6l0a121qin,37.712030448000455
id_iblicy6lwk,44.81503411466929
id_galqj45a9w,47.774587991665705
id_1dg8zj0o7z,36.511861136664635
id_9x63i9uu20,36.01051205526958
id_n4mgwkvcyo,45.471817335049494
id_h9o1enzmn6,51.04166162835667
id_4utcad6z0z,16.999541515279628
id_faw7vd63nz,15.315316856517386
id_bfmddpm7dk,11.930712518827265
id_zsn1j1j2ex,16.19843546919051
id_hnknralqvw,10.832893750691415
id_j3s4dhvwvf,11.937283651902645
id_nb9skm42eu,14.80446822027287
id_e30vibg2cr,10.10686429274485
id_hr07rxuwnk,12.532100479359602
id_cckgjin8j4,9.715784837815473
id_1igqyragk7,13.792310244029435
id_pbbqks4896,8.953569433613506
id_yglxjnnnmd,11.622734361218866
id_akkkm90ju3,12.108817116285016
id_pnw5qxgci5,13.28254461547031
id_ed8b146zq4,14.27845376363582
id_dog1qrt65n,10.764570511353059
id_4iko2mf9m1,12.578651361998979
id_tf16irhnxj,15.527977617955584
id_z8dbvb7mld,21.235544156947793
id_hjojye2bnc,15.429855182928826
id_e74fkffny9,26.402772788741753
id_96r4h4wquw,18.67562313064253
id_n8zuiv730d,20.595097082853847
id_q9sf7h6id3,21.265610254422285
id_1ahz3wcpza,31.90281852628567
id_bij6rb0yyc,21.81131278268614
id_rj67797cdl,17.58848731877936
id_nfgy5cs3i7,18.505380716309222
id_2gg9612372,19.9320835057895
id_rd2ycsqjqu,19.279576002540832
id_yhyq4hrrvo,17.404191637231907
id_cugq7k2136,18.60127647153121
id_6ztrbzwf74,19.851369952618317
id_b3864dngn9,20.9541062108247
id_fslinj6lsz,16.930211778068898
id_nr59rjq353,16.54387519358094
id_f937o9uhz5,19.713044422303764
id_pdm9hc9akh,24.930377553971997
id_hlaacmpdc2,18.35196815935167
id_43l5b3qppy,18.743321153771042
id_nhboyjouon,18.19653908064204
id_e9tjlmzofe,21.164886169503077
id_uep5kutr80,17.155308021762814
id_xdu2qkcn9o,19.565607319069052
id_7xqj2zy62f,18.06451897171357
id_d3txp6ww71,17.507016468147114
id_kpr41h1gl2,16.463608748711437
id_eeu9sw0k2s,19.25199730119695
id_c20q8ikv7t,16.60062729229335
id_g8oqjuggsz,18.16742778427311
id_2nq4naxlui,21.959695202031256
id_qny2l3j2li,16.312078299059436
id_vvea9k8tgz,16.95540842528754
id_t009are3zm,16.13069090148568
id_uzuka63dnk,14.851944398040473
id_rkhciqi5gp,15.21266086187537
id_9qs0u03sne,12.830704612958753
id_beoswwa1jg,13.984382882104653
id_6yzetfd0jr,13.020730297024288
id_ip144xmrio,13.18579173184684
id_y1jzpsul42,14.027713719930418
id_irudkpu9cg,16.21154585623119
id_43ve2f04z8,13.74665362029948
id_4gby11apzd,16.23631537838146
id_brzm1fa82q,12.417471385433334
id_cikkzszzmw,13.830920512904765
id_93uc5zchkn,10.164457247626483
id_n6z1o0dpy1,13.773744096720604
id_r9li959sxm,16.02500413508296
id_om1wxt4lrr,22.84750029871682
id_kj1k62c4hk,13.824526847076397
id_x9m9yvh87r,18.328567984512027
id_xraq80851o,18.968233240705825
id_hs3bu1nmse,17.188838521553958
id_w183sk05qy,19.42773830231312
id_ctdw7mpo2o,20.382579467429174
id_ycnd040s0i,18.367198591533313
id_bhghd6qnsh,21.124155229796923
id_yly1mkkcmj,21.99026636023916
id_bhcer2s6k1,19.012743793271923
id_ts9g0trocv,25.650486934484746
id_1qto62qavh,27.666842970414162
id_0wajzy8ts6,21.957986824739432
id_wpu97wbqk7,31.25709604910222
id_zmyx8uismd,35.186468916943404
id_nlxvai48i7,41.47665369996683
id_dkdt1jrmsn,38.08304041318046
id_8kq3got9a1,23.05402710867858
id_lr3rz1e86g,27.705424117344972
id_6kzxrawpey,40.4574396646985
id_xwyw71ldzx,37.712030448000455
id_kkivrvc6dv,44.81503411466929
id_94wuxmw8rb,47.774587991665705
id_3q8sdy56bq,23.595021219207464
id_oc2m0zmgnw,36.511861136664635
id_pwx9pelurg,36.01051205526958
id_acjbfx8dti,45.471817335049494
id_eum8a3klcq,51.04166162835667
id_444jxq8ki8,11.622734361218866
id_fokwurehqu,12.108817116285016
id_20s8fncc9t,13.28254461547031
id_ifa0c3dcm4,15.879135590108515
id_bl23vucby8,14.27845376363582
id_o1949nqyfa,12.578651361998979
id_y3f4c5fs4z,11.541425231274783
id_kdox62iiap,20.20248284794412
id_r8f5l77m7z,15.429855182928826
id_6xieqd6sjk,26.402772788741753
id_g3poszpaqe,19.00286423751446
id_tv3dx937tm,20.679339025456947
id_kufhei9qi0,17.849460299833076
id_6xvj9dnlf9,18.67562313064253
id_977w9neez7,23.008628676441557
id_74zzcs47si,20.595097082853847
id_dkzrsecwur,23.126820474327165
id_fzaay03gtj,21.265610254422285
id_2qlkll1nti,22.19390007189194
id_dkxo29nkhe,19.434694584231487
id_8z4hu1lzg6,25.803422567992484
id_bketz8ikkp,24.827051597634764
id_qbn6ng2ro0,31.90281852628567
id_pa1p75uuos,21.81131278268614
id_hgfifx9q4q,19.839000837102756
id_kqxhxu0vxw,17.58848731877936
id_eso5h6en02,18.505380716309222
id_tcnlwhm6by,19.9320835057895
id_2jgdesoznn,19.279576002540832
id_q1prt1nt1v,18.60127647153121
id_bpey1bdu4z,23.335488242397464
id_0f17xoy417,19.851369952618317
id_benw0ms5bl,20.9541062108247
id_ovvvd62h5n,16.930211778068898
id_8w0x0v8vc8,19.3679373709911
id_sr7nmu5cq5,25.504961787931077
id_uz69dxquyc,24.534460237474285
id_058qup1czp,22.880833689184236
id_9xdm5pzodn,18.13596146987951
id_9xiabniu8d,16.54387519358094
id_e8ov3f0ec6,19.713044422303764
id_ztov1dasd7,15.810469303950303
id_u0dv0t4gc6,17.476902288161362
id_vaexseqp4z,16.077002127625327
id_5e4jtn2k5u,22.470753682779662
id_g1f5h70z60,22.470753682779662
id_ei0npa3d51,23.027229681697886
id_w73v97w9dd,25.62379116745693
id_d01h6zb0k7,17.53563939949888
id_hajvhq9a9k,19.581549259926096
id_wfej53asol,22.84377274536048
id_wkxp2kkhas,23.295541901287553
id_4nx3hdlk3f,25.497158811722084
id_tvruaym3ou,18.35196815935167
id_mdja9rpbvi,18.743321153771042
id_v3lg566peh,18.19653908064204
id_5a7one1voe,21.164886169503077
id_uzwhiiojkc,17.155308021762814
id_13zxbv2bo6,21.867004796587988
id_ex6nijku46,19.565607319069052
id_7dpkk65nit,18.06451897171357
id_g3bd1hun07,20.746601347169637
id_suwhca6van,17.507016468147114
id_nxc1tmyyss,16.463608748711437
id_eikgi2kr2q,16.891367008646203
id_n4o71g7yok,19.25199730119695
id_mpq671lkla,16.60062729229335
id_k8se7sutpt,18.16742778427311
id_i92idl2arl,22.079293372492703
id_5ingz959i0,21.959695202031256
id_bgw3i6wwpf,18.41878088638333
id_80ixty8tal,22.970515316663032
id_0a4e9fjk97,16.312078299059436
id_lbmmt6ea89,16.95540842528754
id_c3flrt1zuh,14.669874170105043
id_cvs2kktyxu,16.13069090148568
id_7mtozwwc20,17.34931609320227
id_dq086pe2mx,14.851944398040473
id_3oa251xapn,15.21266086187537
id_felfdwexf7,12.830704612958753
id_hxzxzh2uah,25.500525467971325
id_7e9nhjb559,13.984382882104653
id_yjzowwtt3y,13.020730297024288
id_kc77exs6rd,21.516520455070193
id_du9zmbgca2,23.765106783015437
id_j4jhp6ymgs,13.18579173184684
id_m5the81w7o,13.404584495265716
id_1s8k0qheno,14.027713719930418
id_b6q1wkhds2,13.742842838195648
id_cz225gdeoi,16.21154585623119
id_8lkvzskxdi,17.600456882397122
id_t301lndtpe,15.087382691247566
id_uzuzt5hcyv,21.440341892359918
id_6n47hvxwoz,16.728730451126797
id_294fhgybq2,12.915574324504725
id_pvdki2lfbt,17.937955228714983
id_5yosfti35o,13.988759253896342
id_tsf2ykay6m,14.192447554450267
id_pddkles1x0,14.9205229772095
id_ypzvugg3as,12.82606778855309
id_ol8i7nv30f,13.74665362029948
id_md132uwbf7,16.23631537838146
id_b2y24168l7,12.417471385433334
id_4yvwmu8cxe,13.830920512904765
id_tmy3b6ts38,10.164457247626483
id_cbq3vn3m3o,13.773744096720604
id_a8umfjb1ge,16.02500413508296
id_8oqx4hgwe7,22.84750029871682
id_y5f8v3s580,13.824526847076397
id_6kf89wa993,18.328567984512027
id_h7yzht6wq0,18.968233240705825
id_95brnbo0jo,17.188838521553958
id_4hb5judkxv,19.42773830231312
id_xun5oyhgjo,20.382579467429174
id_kckpnat31g,18.367198591533313
id_otccfrhvvi,21.124155229796923
id_jn6u5c5cjp,21.99026636023916
id_v933ue7kf5,19.012743793271923
id_mc2i376rld,25.650486934484746
id_9r05mz0idm,27.666842970414162
id_3wfdiqgoxw,21.957986824739432
id_c1n58uu252,31.25709604910222
id_7p5lepxj6a,35.186468916943404
id_lrkr587gkp,41.47665369996683
id_kvnb8ekvum,38.08304041318046
id_mqv32adp5x,27.705424117344972
id_20korskh6j,40.4574396646985
id_78f1la773c,37.712030448000455
id_9jtdzf7kcs,44.81503411466929
id_52juzapqcw,47.774587991665705
id_li4wcjkc21,36.511861136664635
id_bwle5dl0sg,36.01051205526958
id_7jqcpniwxn,45.471817335049494
id_5jbtohx3rn,51.04166162835667
id_odokt2hr7x,18.60127647153121
id_kw3winhwi7,23.335488242397464
id_jj9rbh612v,19.851369952618317
id_26j0qg7uea,20.9541062108247
id_ycnpcmmjh1,16.930211778068898
id_7vaqpmlhsv,19.3679373709911
id_c9cup5eoxe,25.504961787931077
id_rxl64ozpc8,18.13596146987951
id_wlrwnnkbc4,16.54387519358094
id_5v07yr6kc5,15.810469303950303
id_twzj5jj66k,17.476902288161362
id_72mxu4su0c,24.930377553971997
id_c25uc85sjo,23.027229681697886
id_ouv903vao3,18.19653908064204
id_zyln20zouy,21.164886169503077
id_gl5zw040r9,17.155308021762814
id_g8wutb862i,21.867004796587988
id_s8gpkg7qj6,19.565607319069052
id_rmsthvc1sd,17.507016468147114
id_ke99qjo5z4,16.891367008646203
id_77oq3gka82,21.959695202031256
id_d4rug7fs73,16.95540842528754
id_0q4rgwhh5j,17.34931609320227
id_6a84c2y7xm,14.851944398040473
id_6q6h59e1he,15.21266086187537
id_dv8a63xtc0,12.830704612958753
id_27ono5yevj,13.020730297024288
id_v2r3sg9n1j,13.404584495265716
id_3p8yrwj992,16.21154585623119
id_wk8q5ydpwc,13.74665362029948
id_xddq8x5dw6,16.23631537838146
id_sharv68cbo,12.417471385433334
id_98fux0thhz,13.830920512904765
id_ago3payk3b,10.164457247626483
id_2bmny3x2l9,13.773744096720604
id_br2ieejs8c,16.02500413508296
id_weseav1xhv,22.84750029871682
id_qwf1i3cj7r,13.824526847076397
id_4fdnb4eyjk,18.328567984512027
id_khcy0c8nrh,18.968233240705825
id_kjsl8ka1vy,17.188838521553958
id_1s4emym39i,19.42773830231312
id_cfswxplen7,18.367198591533313
id_ri3sgqw5vk,21.124155229796923
id_w8xmcsup55,21.99026636023916
id_oskrymtnrz,19.012743793271923
id_a5nzunklam,25.650486934484746
id_okj6k5qcws,27.666842970414162
id_ja07tx0n94,21.957986824739432
id_1cu5omuey9,31.25709604910222
id_ph274c2i2p,35.186468916943404
id_sx300bfhv2,41.47665369996683
id_xlkeen4coj,38.08304041318046
id_bhdjsv4g5r,23.05402710867858
id_doxq14mqw3,27.705424117344972
id_fbog8w5ysl,40.4574396646985
id_nf1gsgtgns,37.712030448000455
id_10f0mij1yf,44.81503411466929
id_m5e0u3d68x,47.774587991665705
id_x6l5iwtgrd,23.595021219207464
id_eyx4q4fnev,36.511861136664635
id_4lfxjvfjkw,36.01051205526958
id_32u710vh61,45.471817335049494
id_zsw4618nnl,51.04166162835667
id_tzdmb15txs,16.400195090867147
id_6ngwi1vl1h,13.037009528372758
id_cqm8i6ol8g,10.402672288042837
id_l7eneup5t0,10.832893750691415
id_sfbjw9ec2z,11.937283651902645
id_j7jqrbwmi0,12.532100479359602
id_wwdzrwgr58,13.792310244029435
id_kk82r8fpuh,8.953569433613506
id_wat59la3q6,11.622734361218866
id_xhxsyxysbf,12.108817116285016
id_actuxo4gmq,13.28254461547031
id_6qitjn8c8r,15.879135590108515
id_jdquy1lxet,14.27845376363582
id_g5325vgzzt,10.764570511353059
id_c4zrpwzc4a,12.578651361998979
id_t5anmg4v7v,11.541425231274783
id_9af0ydgl1s,15.527977617955584
id_9wwxdbqekl,15.429855182928826
id_dtzemr8b33,20.679339025456947
id_qye7rb9bbu,23.008628676441557
id_1s38ze4v8w,20.595097082853847
id_1doz4c69ph,20.595097082853847
id_18tg20wg54,23.126820474327165
id_mf6s46v1uw,21.265610254422285
id_krkw3iqkf6,25.803422567992484
id_tcql7qm01y,21.81131278268614
id_czit7flk3p,19.839000837102756
id_67vafahcsb,17.58848731877936
id_ocawwzqkj7,19.9320835057895
id_6hwobiyszp,19.279576002540832
id_3hit2vt54g,17.404191637231907
id_kxjx8xtw71,23.335488242397464
id_ujvrrf4kx0,19.851369952618317
id_p7m9x0qpi5,20.9541062108247
id_b2w6gxhazp,16.930211778068898
id_0glwf1vle0,19.3679373709911
id_h52hj66b1j,25.504961787931077
id_3ykb55avzl,16.54387519358094
id_4140yukx35,16.49863479219392
id_ejschtytb2,17.476902288161362
id_bt8l5o5bpc,16.077002127625327
id_01tyqteuzb,23.295541901287553
id_xxtlit8f06,25.497158811722084
id_neowy957qe,18.35196815935167
id_ld5ad63fk4,18.743321153771042
id_9wphwvxjbh,18.19653908064204
id_bjwf0gk35g,21.164886169503077
id_nk6t94cwcj,17.155308021762814
id_c00v9db3kd,21.867004796587988
id_qljfbbues6,18.06451897171357
id_8l8rdvtd4z,20.746601347169637
id_ucd95ihefb,16.463608748711437
id_1h25lc42la,16.891367008646203
id_7rkgygr8my,19.25199730119695
id_qrzcnk9cb7,16.60062729229335
id_3osclzuma1,18.16742778427311
id_j7yo6gfpr7,22.079293372492703
id_m8zu1vzawt,21.959695202031256
id_bjboh76f83,18.41878088638333
id_msmgdqfiqk,16.312078299059436
id_9d9nc0plgr,16.95540842528754
id_fnstzi3enk,16.13069090148568
id_3h9gnh7is5,17.34931609320227
id_ymoxc4wuvj,14.851944398040473
id_diweogvo4x,15.21266086187537
id_wl3mu9y4pt,12.830704612958753
id_cypiwo10y6,13.984382882104653
id_qh3anhhrlw,13.020730297024288
id_83z9c83r5i,21.516520455070193
id_s1phnl1iyl,13.404584495265716
id_uqoypd8y4s,14.027713719930418
id_e1c84vnzi4,13.742842838195648
id_duvrjwe7j4,16.21154585623119
id_cpaolr5w71,15.087382691247566
id_0gez5n5up3,21.440341892359918
id_4dxpvc7v0t,16.728730451126797
id_wy3b3kwp1u,12.915574324504725
id_kcz6mx2ftd,17.937955228714983
id_s2azjdfda4,13.988759253896342
id_7zq37bq2m9,14.192447554450267
id_80ps7kboqo,13.74665362029948
id_wdp8cocu50,16.23631537838146
id_gxnloqrtfy,12.417471385433334
id_98zx0ydmal,13.830920512904765
id_ikydapbjg4,10.164457247626483
id_x9csxregb4,13.773744096720604
id_x726sqebnc,16.02500413508296
id_embux96a8d,22.84750029871682
id_n3zi21eakt,13.824526847076397
id_cmzvbp4gp1,18.328567984512027
id_lh42zi0nvd,18.968233240705825
id_lq6ofubnzh,17.188838521553958
id_ak1gmocab7,19.42773830231312
id_j2qbzdu60r,20.382579467429174
id_4s7frhrx0s,18.367198591533313
id_swwnl6ehwx,21.124155229796923
id_0dzgrhmq0i,21.99026636023916
id_bblmv4qbuz,19.012743793271923
id_ns1udfi49f,25.650486934484746
id_3t4mu9h9h8,27.666842970414162
id_np2i3652hs,21.957986824739432
id_0m1hyk0i2t,31.25709604910222
id_47086vwi8b,35.186468916943404
id_w1v8rlefq7,41.47665369996683
id_p24h3f2r8x,38.08304041318046
id_dlxm63a09x,23.05402710867858
id_ri94vbx6vg,27.705424117344972
id_wi9j0eune9,40.4574396646985
id_0z2yz02gho,37.712030448000455
id_013dywijcw,44.81503411466929
id_whd8ue3507,47.774587991665705
id_wmd6txw3qp,23.595021219207464
id_2uo9nruooa,36.511861136664635
id_cmezkcvthd,36.01051205526958
id_k00w57rr6l,45.471817335049494
id_rm817jen6a,51.04166162835667
id_l2wquc1lyf,11.369222942651605
id_f2ayymfg06,10.807258815325113
id_2xwro4u4ib,16.19843546919051
id_s4gcy5ldea,10.402672288042837
id_llxl5vedjd,10.832893750691415
id_ra9rzjf8cs,10.10686429274485
id_06it7wxay5,12.532100479359602
id_p358wai3ar,12.637243649405791
id_63q6x7rc50,13.792310244029435
id_yrqlregvfr,8.953569433613506
id_6ey2mcbqfl,11.622734361218866
id_xz9gud04ug,12.108817116285016
id_upa56c1xqo,13.28254461547031
id_apci48cec9,15.879135590108515
id_ivaqozbhfz,14.27845376363582
id_5r9lkzxt5l,10.764570511353059
id_q9fyy5hlug,11.541425231274783
id_fia47n8arx,21.265610254422285
id_c8ytbvxreg,22.19390007189194
id_715d169b93,25.803422567992484
id_i41soezu3u,21.81131278268614
id_ghl9lkmkbc,17.58848731877936
id_jhwg78mhs2,18.505380716309222
id_mbp1opp105,19.9320835057895
id_tpecaex89x,19.279576002540832
id_gkqkcuvhn0,17.404191637231907
id_jl7cx8vnrz,18.60127647153121
id_z22ai1ufxc,23.335488242397464
id_cf9eqd8nio,19.851369952618317
id_4nvfqr7bwz,20.9541062108247
id_styx2evpu7,16.930211778068898
id_r4qfxsd6qk,19.3679373709911
id_6ula6jqx2d,25.504961787931077
id_ab11cvvhj1,24.534460237474285
id_lru4a7apze,22.880833689184236
id_1h8qiqvba3,18.13596146987951
id_jocn99q8x8,16.54387519358094
id_yqd8by9too,16.49863479219392
id_3vo780asu2,19.713044422303764
id_t8qspqxocv,15.810469303950303
id_fxt49fthrg,17.476902288161362
id_9hsvvxccfs,16.077002127625327
id_mdox4e1wm7,22.470753682779662
id_e0v37gnrdc,24.930377553971997
id_4higx88y8s,23.027229681697886
id_dzdczy4694,25.62379116745693
id_b9cls7es48,17.53563939949888
id_ii1b1vx3v6,19.581549259926096
id_qjkp2dhlfd,22.84377274536048
id_4tycdb5q0i,23.295541901287553
id_enssz42xj6,25.497158811722084
id_j2lnxkjgor,18.35196815935167
id_d1kz51qzme,18.743321153771042
id_93y706i4uo,18.19653908064204
id_uo33uxmu30,21.164886169503077
id_42uhyp7b1d,17.155308021762814
id_557lj2gncx,21.867004796587988
id_g646xm5v36,19.565607319069052
id_3u2zh5sctj,18.06451897171357
id_88m5txqfk0,20.746601347169637
id_636veo7myp,17.507016468147114
id_mw8i11x4p5,16.463608748711437
id_i01umxhgoi,16.891367008646203
id_7htzho5nfe,19.25199730119695
id_rqvyvvqjjo,16.60062729229335
id_3sw1g6ujkh,18.16742778427311
id_7koyjh6lyz,22.079293372492703
id_h33dmmxmxt,21.959695202031256
id_b4zqx3ey2e,18.41878088638333
id_rigbnum9jj,22.970515316663032
id_hwnk2tvpjh,16.312078299059436
id_3djm31ze2k,16.95540842528754
id_y1b1v2oco9,14.669874170105043
id_uiiqit3mio,16.13069090148568
id_qjv34s9tgs,17.34931609320227
id_mw1dkfs5o5,14.851944398040473
id_zgolsofwkv,15.21266086187537
id_gntve7cvte,12.830704612958753
id_mv1hwwypf2,13.984382882104653
id_66vowuru12,13.020730297024288
id_718x53xw5l,21.516520455070193
id_y5duq02fcq,23.765106783015437
id_nabflglwpr,13.18579173184684
id_m8gl9o5dbz,13.404584495265716
id_s0yzedmwy0,14.027713719930418
id_n4zpk50eng,13.742842838195648
id_bf0mqyujkg,16.21154585623119
id_db6l9ymytu,17.600456882397122
id_zzhsplt3ae,15.087382691247566
id_gxvybxvz61,21.440341892359918
id_2hrjgfgo5c,16.728730451126797
id_qnvbhvfvfh,12.915574324504725
id_f4j4e8toay,17.937955228714983
id_yh8x8izood,13.988759253896342
id_r9gbkhu2zs,14.076246435915614
id_hzuko4hsbs,14.192447554450267
id_4akcsf7v23,14.9205229772095
id_y4a4bry0za,12.82606778855309
id_juefa18khg,13.74665362029948
id_8pg965n9uh,16.23631537838146
id_c1qncxdk14,12.417471385433334
id_fxdpjby57j,13.830920512904765
id_maxuuv6qwy,10.164457247626483
id_hqp1zmq2rl,13.773744096720604
id_7mmcd60iqp,16.02500413508296
id_5f3qz4huj9,22.84750029871682
id_m6vn47j4ge,13.824526847076397
id_mkyjtq0uj7,18.328567984512027
id_dd1qog5gsu,18.968233240705825
id_yltiy4ct4b,17.188838521553958
id_l7g3rwiyu1,19.42773830231312
id_y0nex8ki95,20.382579467429174
id_trj4ropjy6,18.367198591533313
id_xkfnw0mcvh,21.124155229796923
id_j7zs6cpw42,21.99026636023916
id_o55nqbxkhg,19.012743793271923
id_l3neq81nk8,25.650486934484746
id_ft7ki0jjoc,27.666842970414162
id_1doie955wo,21.957986824739432
id_pap3jy3v7v,31.25709604910222
id_64zbc8ou3g,35.186468916943404
id_1ssvmd37d4,41.47665369996683
id_5i93sdabtx,38.08304041318046
id_5oej7jiuyx,23.05402710867858
id_es0jy27ww2,27.705424117344972
id_ze9u1sfrwl,40.4574396646985
id_3y84kki549,37.712030448000455
id_glm9sjal1a,44.81503411466929
id_kjp8dcqhsa,47.774587991665705
id_2s4n7u9qbe,23.595021219207464
id_57l2n9hbxk,36.511861136664635
id_0rmqw3hqow,36.01051205526958
id_uc46nrbgzu,45.471817335049494
id_zck6gqoy8o,51.04166162835667
id_kmohqwxbue,11.369222942651605
id_dswkvfgg96,15.315316856517386
id_72kefc7g3s,10.807258815325113
id_fsdqdwkhec,11.930712518827265
id_yaf7kh6asz,16.19843546919051
id_d3xd7t76g8,16.400195090867147
id_ekxnkkalys,13.037009528372758
id_foo1qhnhh4,10.402672288042837
id_4gaub27eaz,10.832893750691415
id_u8ysh8pwg1,11.937283651902645
id_zwxals7wca,14.80446822027287
id_qs4s1l5v79,10.10686429274485
id_k5fj3oay3x,12.532100479359602
id_3bwp89pu3m,9.715784837815473
id_e9eglkp5vv,12.637243649405791
id_t4qjrlzxns,13.792310244029435
id_kn8xo43og2,8.953569433613506
id_48859izqh3,11.622734361218866
id_9967xanbmk,12.108817116285016
id_eh3ys96anu,13.28254461547031
id_5bgqsh9x4k,15.879135590108515
id_jwouft46is,14.27845376363582
id_3ck9tvimgh,10.764570511353059
id_n6s7duali8,12.578651361998979
id_6kgl1almmg,11.541425231274783
id_gxefptsqvq,15.527977617955584
id_ygnr1sn381,21.235544156947793
id_v3y11kgwad,20.20248284794412
id_q2fgzp3xx3,15.429855182928826
id_s7k292eya7,26.402772788741753
id_jt2rysim4p,19.00286423751446
id_yn9vzuflej,20.679339025456947
id_362cko5nwx,17.849460299833076
id_d9dv3lr4k1,18.67562313064253
id_10un4lyvek,23.008628676441557
id_z0j05634v8,20.595097082853847
id_txhxlogsxn,20.595097082853847
id_18c3488pxk,23.126820474327165
id_la1ypixght,21.265610254422285
id_t9njgxp6v6,22.19390007189194
id_b8yn1i9rx8,19.434694584231487
id_o2y4vg1agv,25.803422567992484
id_fvx3zhir92,24.827051597634764
id_nfj7rfs9a1,16.54387519358094
id_b9q3y3r7t3,16.49863479219392
id_yio3jfuvmy,19.713044422303764
id_54qfk101o1,15.810469303950303
id_vox6mwiloh,17.476902288161362
id_u1xceey131,16.077002127625327
id_dxpgh1o1t3,22.470753682779662
id_2ujws46vir,24.930377553971997
id_2n7hyhtkrb,23.027229681697886
id_4779bmeme0,25.62379116745693
id_b3eztfwajg,17.53563939949888
id_f33f3mdfla,19.581549259926096
id_xkpq6na5ee,22.84377274536048
id_3ihace1d7c,23.295541901287553
id_z6wylocn17,25.497158811722084
id_pm68i3c3wd,18.35196815935167
id_trjqjao4jd,18.743321153771042
id_1w15d7g4ge,18.19653908064204
id_3aici5cdi6,21.164886169503077
id_kbloxrog5z,17.155308021762814
id_ovmpiycff0,21.867004796587988
id_ly3xdcti5t,19.565607319069052
id_qb0ptrppyi,18.06451897171357
id_wxb5nd3qgd,20.746601347169637
id_1ry1ir7o6d,17.507016468147114
id_6wbo7y25e7,16.463608748711437
id_tse3bpfaes,16.891367008646203
id_9n988uuhtq,19.25199730119695
id_nzhdqdkc5b,16.60062729229335
id_4gabr5bciq,18.16742778427311
id_dc61oe5crn,22.079293372492703
id_7lbdu1bryj,21.959695202031256
id_mhqk3070i7,18.41878088638333
id_thtyylis4v,22.970515316663032
id_5iiheoohcw,16.312078299059436
id_vjiqa7ykcq,16.95540842528754
id_638vs5aq61,14.669874170105043
id_6cjnt5825x,16.13069090148568
id_534km866kg,17.34931609320227
id_fzkvzetszz,14.851944398040473
id_uwuc9e0lop,15.21266086187537
id_ncfz0o03wc,12.830704612958753
id_1sd88o70w0,13.984382882104653
id_9q3xoxtkc5,13.020730297024288
id_9xf47hwalo,21.516520455070193
id_c9e6k7t8xv,23.765106783015437
id_60hy4zghxo,13.18579173184684
id_vcj2pr28k2,13.404584495265716
id_nik15zq29r,14.027713719930418
id_gbsfx2i90n,13.742842838195648
id_sm9wfzdrfb,16.21154585623119
id_wa0hhql9xd,17.600456882397122
id_xyicbz69wn,15.087382691247566
id_fzfp1gfiyc,21.440341892359918
id_6jd6rh3joo,16.728730451126797
id_hohuu1719a,12.915574324504725
id_45rgo61j3e,17.937955228714983
id_x29n2ig0by,13.988759253896342
id_6pqpt4bc2y,14.076246435915614
id_kix768jdnh,14.192447554450267
id_p4u0awuwyi,14.9205229772095
id_5pkc8dc3pp,12.82606778855309
id_o8g3g3fyi1,13.74665362029948
id_gwi1towzf6,16.23631537838146
id_tl446ky5so,12.417471385433334
id_fv0k1xke9b,13.830920512904765
id_17qgwq8hor,10.164457247626483
id_h169vb8h8d,13.773744096720604
id_vuv2g91m7z,16.02500413508296
id_o62drksqmp,22.84750029871682
id_uvitqz5bhf,13.824526847076397
id_x1v4xuet0h,18.328567984512027
id_jr4seoen2w,18.968233240705825
id_q1efjaqgq0,17.188838521553958
id_ji3o8np61b,19.42773830231312
id_vp8mci8xh0,20.382579467429174
id_x5f7i7wjcu,18.367198591533313
id_eej779rshs,21.124155229796923
id_l9g1xrh5vp,21.99026636023916
id_9qz231bbzd,19.012743793271923
id_3jf3q7rnyi,25.650486934484746
id_y2oiminmvu,27.666842970414162
id_kj1d4jsmhg,21.957986824739432
id_b9dbh7l628,31.25709604910222
id_qkxd74j593,35.186468916943404
id_f9aer27ojz,41.47665369996683
id_v6ovtq73uh,38.08304041318046
id_dha8u73072,23.05402710867858
id_5cdrvce6lw,27.705424117344972
id_05y9wpsdwc,37.712030448000455
id_ty03p4f7jh,44.81503411466929
id_4rxcuqqsqp,47.774587991665705
id_x8pk6xpjba,23.595021219207464
id_rjgh33lh9s,36.511861136664635
id_07eag0levd,36.01051205526958
id_vxesong654,45.471817335049494
id_14j7bt588k,51.04166162835667
id_f63m71zrb3,11.392864383439312
id_o0xatx0hcr,14.157359793872521
id_96xc5f8bgh,10.269895372661427
id_0t0yv19f1q,15.017637495175945
id_dih5frts8q,15.017637495175945
id_trmmfm32qe,12.39877380648378
id_hu3sq815oq,14.639465788325
id_cxfmqit9ap,13.387137248895744
id_7izfmpd326,14.633632477920068
id_qd0tkswd2a,13.320132923346172
id_otlb3hargz,15.438796800751273
id_st47fowvrj,13.645160832191824
id_4h4pdth392,9.72032840282196
id_g8trb7wy8n,8.605429869220933
id_1wx11gvom9,10.349615027315712
id_rvq5ol3w4x,11.90212737366409
id_7sttnrbjre,16.999541515279628
id_pip7eoyzmk,11.369222942651605
id_lb56ukrqt0,15.315316856517386
id_0hyearkq6o,10.807258815325113
id_mr6v3oygt6,11.930712518827265
id_yzbu3830gx,16.19843546919051
id_94p4j6yomt,16.400195090867147
id_53xsefo8ab,13.037009528372758
id_ymuv4r55o4,10.402672288042837
id_nqkiglgq9k,10.832893750691415
id_q6e19plrfx,11.937283651902645
id_poxowfpijt,14.80446822027287
id_qgt2oyneg3,10.10686429274485
id_kr9teempq0,12.532100479359602
id_q43rzgs3e5,9.715784837815473
id_uk0j14fgpq,12.637243649405791
id_h45ejiaqqh,13.792310244029435
id_u08b48hrcu,8.953569433613506
id_jdgiv3t50o,11.622734361218866
id_8h5gfrz1ja,12.108817116285016
id_mslk5ay6w0,13.28254461547031
id_y3hecd28lq,15.879135590108515
id_9cmmjowuen,14.27845376363582
id_3clagfxagj,10.764570511353059
id_8sttc3ns1m,12.578651361998979
id_uv4kyh58kt,11.541425231274783
id_zmu5hapnm7,15.527977617955584
id_ybt3e2qbt8,21.235544156947793
id_yvdig97vvd,20.20248284794412
id_wbsyjlsxkt,15.429855182928826
id_39gbv940fx,26.402772788741753
id_78sb1wtf1t,19.00286423751446
id_o191u62lgc,20.679339025456947
id_na0qbpl8m9,17.849460299833076
id_daa5h53t2o,18.67562313064253
id_z1zg8tcsm5,23.008628676441557
id_dkvf88hlsn,20.595097082853847
id_qltsdtf4pb,20.595097082853847
id_rcnbilmlv3,23.126820474327165
id_rjcx3o5cyf,21.265610254422285
id_dcvlcfgert,22.19390007189194
id_jujywo4op0,19.434694584231487
id_dgbg639yj9,25.803422567992484
id_rifhty9d4h,24.827051597634764
id_4cz74rv8a0,31.90281852628567
id_rjuh3wooi0,21.81131278268614
id_26raoqfw3b,19.839000837102756
id_yleyy5sp4g,17.58848731877936
id_7lq42pqlpp,18.505380716309222
id_x2m1scwodc,19.9320835057895
id_fs6ppj71si,19.279576002540832
id_0kq8v62wnx,17.404191637231907
id_qrf9ul8pfd,18.60127647153121
id_7k9rf681ac,23.335488242397464
id_0urpsxojw7,19.851369952618317
id_oj7le10r8n,20.9541062108247
id_8w44b89inq,16.930211778068898
id_jooksgf7r5,19.3679373709911
id_zjwzzwzjvp,25.504961787931077
id_hit20lvy91,24.534460237474285
id_yjzrxrwvr1,22.880833689184236
id_ba1airy6ru,18.13596146987951
id_fatkzdj52m,16.54387519358094
id_h6j3ijc59m,16.49863479219392
id_r29rhi7ayb,19.713044422303764
id_n2328yoyny,15.810469303950303
id_2i3htqk8wu,17.476902288161362
id_y8t6iz10zy,16.077002127625327
id_j2xlsmt1az,22.470753682779662
id_zul4loljtn,24.930377553971997
id_5lfy1u1m5t,23.027229681697886
id_4r448lp054,25.62379116745693
id_ks3yurf69t,17.53563939949888
id_xlx05ev9ep,19.581549259926096
id_ybqhvfmvb4,22.84377274536048
id_osbg0v4o7k,23.295541901287553
id_34amm2jgt1,25.497158811722084
id_651jn1ycqz,18.35196815935167
id_bjh20jwc0s,18.743321153771042
id_ev56qyrn6d,18.19653908064204
id_8zf79ts7q8,21.164886169503077
id_fsat380gb4,17.155308021762814
id_5y6h6w77t4,21.867004796587988
id_ux3m69xsv5,19.565607319069052
id_4y4b5x6oqs,18.06451897171357
id_4cmqu4avth,20.746601347169637
id_gd9bm0av1u,17.507016468147114
id_wkp093zyqi,16.463608748711437
id_ubo7o5c61g,16.891367008646203
id_da2q2o7k02,19.25199730119695
id_sfcmtklyr8,16.60062729229335
id_qon3ototf6,18.16742778427311
id_b1pwwzubs1,22.079293372492703
id_idrbyq1iwo,21.959695202031256
id_eo5tner8f9,18.41878088638333
id_dsl16jenz6,22.970515316663032
id_v5frf00iux,16.312078299059436
id_tijwl63sul,16.95540842528754
id_4nertyfo2z,14.669874170105043
id_1h3y0ycsbh,16.13069090148568
id_5ew52k2xfs,17.34931609320227
id_c1hedne5tu,14.851944398040473
id_drxgi1b55w,15.21266086187537
id_b764z0tp5c,12.830704612958753
id_n3ksb769k6,13.984382882104653
id_jvruvalbrm,13.020730297024288
id_qv4ehj6p1w,21.516520455070193
id_jxdgurw8vk,23.765106783015437
id_2ymafuhxw9,13.18579173184684
id_xgqoe9srqb,13.404584495265716
id_swi6t9g6aj,14.027713719930418
id_ttjz1pj6fm,13.742842838195648
id_8xv38j3a4z,16.21154585623119
id_yrqtamezkd,17.600456882397122
id_dzmpo7xtkf,15.087382691247566
id_u98r20l7ih,21.440341892359918
id_15w4tm2lvc,16.728730451126797
id_f2rhz6xl9n,12.915574324504725
id_so3qn2op6b,17.937955228714983
id_j5evcz5irl,13.988759253896342
id_4hfhscd1n7,14.076246435915614
id_akaaqo1io1,14.192447554450267
id_677lexrm68,14.9205229772095
id_4555ud3olu,12.82606778855309
id_b0q1fq9sgn,16.23631537838146
id_lbljktjgzg,12.417471385433334
id_ph7h4vs00p,13.830920512904765
id_8k0yeqq8re,10.164457247626483
id_0z3pcoyibd,13.773744096720604
id_riellbxfqz,16.02500413508296
id_22067fyb6o,22.84750029871682
id_fcxnbnpbtq,13.824526847076397
id_058r7cipy5,18.328567984512027
id_58g26ly3b3,18.968233240705825
id_hfta2jdk0t,17.188838521553958
id_l0z16v7e6t,19.42773830231312
id_z696ot1p1u,20.382579467429174
id_ok22kq81e3,18.367198591533313
id_8c4sb9ee7u,21.124155229796923
id_j83bo3ks17,21.99026636023916
id_8vcb1z1tah,19.012743793271923
id_cfy6d3jhx7,25.650486934484746
id_krv1ca6cfb,27.666842970414162
id_3d0miob1p5,21.957986824739432
id_iib9ayuluh,31.25709604910222
id_t5k9sx5xqf,35.186468916943404
id_zkw0mo1z9v,41.47665369996683
id_sjwqgvoa6l,38.08304041318046
id_vzxomw7xu0,23.05402710867858
id_ig9ksmea4f,27.705424117344972
id_p70jdvpgtu,40.4574396646985
id_m0gtw6nh7p,37.712030448000455
id_i0y6y5f0km,44.81503411466929
id_hyf3spl0wf,47.774587991665705
id_rshwplefjs,23.595021219207464
id_3b0x2a5kdq,36.511861136664635
id_7d9vzan37b,36.01051205526958
id_1ma4lggm82,45.471817335049494
id_pym8ooemqb,51.04166162835667
id_b0ww1vi7ut,12.108817116285016
id_43huts58gh,13.28254461547031
id_ivuzjmumge,15.879135590108515
id_643x1kcl8a,22.19390007189194
id_8c62htwyf0,21.81131278268614
id_gbcegwehwb,19.9320835057895
id_hx6qnu01o7,23.335488242397464
id_r69gk2kevv,19.851369952618317
id_rfr69eoy4e,20.9541062108247
id_p815xbtmh2,16.930211778068898
id_q4htbc3mv4,19.3679373709911
id_3qu1qg5an9,22.470753682779662
id_jxt2raj564,18.19653908064204
id_whkxth8443,17.155308021762814
id_r5h0grolrb,19.565607319069052
id_gqz444p0t4,18.06451897171357
id_cm6tbu9klf,16.463608748711437
id_6gaw1mpb98,16.60062729229335
id_mi6cveknqi,18.16742778427311
id_hrztm9t3ga,18.41878088638333
id_2f9mvhe5a3,16.312078299059436
id_yrz4dphzc1,16.95540842528754
id_zngjgoo2dk,16.13069090148568
id_pxwxzopg5w,17.34931609320227
id_c40jzd2xtz,15.21266086187537
id_h0w3y9kfum,12.830704612958753
id_78loal24ig,23.765106783015437
id_a6zbnq2jfl,13.404584495265716
id_dwojdf96vz,14.027713719930418
id_kh8t0u2ykn,15.087382691247566
id_ulncgfoozq,12.915574324504725
id_bhaumyn0jh,14.192447554450267
id_75yu6r1ix8,12.82606778855309
id_nvx1ah4m6e,16.23631537838146
id_4szygx4nu4,12.417471385433334
id_cfhk723676,13.830920512904765
id_rt31sygm68,10.164457247626483
id_dwxwdulu8v,13.773744096720604
id_dclo8jsxow,16.02500413508296
id_u0imoqh2c1,22.84750029871682
id_a4d6g1lekm,13.824526847076397
id_cwv9ah2kuk,18.328567984512027
id_1583r9rcn9,18.968233240705825
id_55v93496t3,17.188838521553958
id_p6iewno0go,19.42773830231312
id_a3wluzck8n,20.382579467429174
id_tg3rfg73mm,18.367198591533313
id_haijdo7a8j,21.124155229796923
id_aukksta5ut,21.99026636023916
id_vwfdch92yw,19.012743793271923
id_vr9rjzdio6,25.650486934484746
id_hq9rjuwiqd,27.666842970414162
id_plkyx8w8df,21.957986824739432
id_mps4kqn7xr,31.25709604910222
id_ohn2jvlaqc,35.186468916943404
id_r2vvygjx7z,41.47665369996683
id_8ythlcs4u6,38.08304041318046
id_wgho99po2u,23.05402710867858
id_y9o3zgw71a,27.705424117344972
id_5lp79xg2n0,40.4574396646985
id_vni712633p,37.712030448000455
id_j2425ljqo0,44.81503411466929
id_01j3m051aq,47.774587991665705
id_r0n1tbsc8k,23.595021219207464
id_y7ffq95y6e,36.511861136664635
id_hajr115naf,36.01051205526958
id_vvmmry71u1,45.471817335049494
id_vp5euuu0a3,51.04166162835667
id_cu85lbcwzc,16.999541515279628
id_p83lwl7p4d,11.369222942651605
id_xnvv8228h2,15.315316856517386
id_t8sup9cci8,10.807258815325113
id_ryshnzfv4d,11.930712518827265
id_h8xe0d6wnr,16.19843546919051
id_y3i49rn3cl,16.400195090867147
id_q2e9lqyx5a,13.037009528372758
id_rxs1idu9rd,10.402672288042837
id_4oegd66w25,10.832893750691415
id_bb5wq93x8f,11.937283651902645
id_52ecm6umwm,14.80446822027287
id_8dwwuytb5v,10.10686429274485
id_zzjc7k91lz,12.532100479359602
id_13zklidhjm,9.715784837815473
id_3987oyytgm,12.637243649405791
id_vrhp90mg8w,13.792310244029435
id_qxd7crl1kv,8.953569433613506
id_c3yqmpgirm,11.622734361218866
id_m04u0g3jmm,12.108817116285016
id_oh231618a0,13.28254461547031
id_mq7wn4kpnq,15.879135590108515
id_1s9kt1d46m,14.27845376363582
id_o2jovbwixk,10.764570511353059
id_lbks4puqps,12.578651361998979
id_s12qsk2fm3,11.541425231274783
id_oy724ak7cq,15.527977617955584
id_g27rgw6pl8,21.235544156947793
id_uvlutbrlhh,20.20248284794412
id_uejyos5gh3,15.429855182928826
id_9hys0algtd,26.402772788741753
id_ga16h299c7,19.00286423751446
id_gxrrg3cnlc,20.679339025456947
id_7mz1vu7g4g,17.849460299833076
id_g2fmh836nu,18.67562313064253
id_yxk6h4ayeh,23.008628676441557
id_unsewqvn1a,20.595097082853847
id_1e0dh5jqvo,20.595097082853847
id_ieyz0z6h0w,23.126820474327165
id_t72jq7wg7f,21.265610254422285
id_h18rx6y3e9,22.19390007189194
id_70v67oh9n6,19.434694584231487
id_jmw9nldr1w,25.803422567992484
id_484spy9w6i,24.827051597634764
id_g65c62aekm,31.90281852628567
id_wv3teofdra,21.81131278268614
id_inx7pj1zao,19.839000837102756
id_ny05t5mh1p,17.58848731877936
id_u5tjmpvirk,18.505380716309222
id_svoeh6do9g,19.9320835057895
id_m25fiokemr,19.279576002540832
id_ot5b3e3mun,17.404191637231907
id_ssjjy0d17f,18.60127647153121
id_yru4k5km7g,23.335488242397464
id_gr9x49t37w,19.851369952618317
id_dmyl2a0wte,16.930211778068898
id_hc5646p82r,19.3679373709911
id_elm57z8vqj,25.504961787931077
id_u0fstcz8di,24.534460237474285
id_qttfy8k8h4,22.880833689184236
id_o3axo0etr3,18.13596146987951
id_2q9jp9vnu1,16.54387519358094
id_q6ms0le9xj,16.49863479219392
id_f93eoya8id,19.713044422303764
id_hueq8wmyii,15.810469303950303
id_lf0lyj77n1,17.476902288161362
id_luf77c9for,16.077002127625327
id_d0ssfcbe7n,22.470753682779662
id_qec98cuhd9,24.930377553971997
id_kj1jee85qf,23.027229681697886
id_tegcy3ymge,25.62379116745693
id_qtt1ub0cqr,17.53563939949888
id_f0n6fd1fzf,19.581549259926096
id_h1ar66egyc,22.84377274536048
id_81jnrshsul,23.295541901287553
id_jcg12akmp5,25.497158811722084
id_aq2pxbmh6f,18.35196815935167
id_e0qqf76fzh,18.743321153771042
id_wg4g9os7j0,18.19653908064204
id_3oodaxb9y5,21.164886169503077
id_kbmagd8awo,17.155308021762814
id_j9h3i8oh4m,21.867004796587988
id_hasyime9kt,19.565607319069052
id_sp1rci8n6i,18.06451897171357
id_pyl3gv21d1,20.746601347169637
id_qal583nrjb,17.507016468147114
id_0jahn21yg4,16.463608748711437
id_cdgc01qbv0,16.891367008646203
id_i6rcrq03t3,19.25199730119695
id_8u55jf04b4,16.60062729229335
id_m6pipj4ki2,18.16742778427311
id_gy8s836zbx,22.079293372492703
id_0uh4v68wol,21.959695202031256
id_7fcx2np47p,18.41878088638333
id_6wr20e0qhu,22.970515316663032
id_tof6i4dxr8,16.312078299059436
id_k9y121i3q6,16.95540842528754
id_ufnloy0p6l,14.669874170105043
id_bmbz4ag2h4,16.13069090148568
id_66fiqi3hb7,17.34931609320227
id_ao488ekn63,14.851944398040473
id_qa08032ux2,15.21266086187537
id_dksj4loxk5,12.830704612958753
id_xcnbk7we8b,13.984382882104653
id_d01xs14b12,13.020730297024288
id_gtbikppc9b,21.516520455070193
id_vexdtontsk,23.765106783015437
id_i2u4lru5pj,13.18579173184684
id_jd4dzel6u7,13.404584495265716
id_lpa9r07z8b,14.027713719930418
id_51jaijw22u,13.742842838195648
id_banl3q7xba,16.21154585623119
id_vutwngujan,17.600456882397122
id_8ymb5tnc39,15.087382691247566
id_5o92himecd,21.440341892359918
id_j65gxna4nx,16.728730451126797
id_ox2wsaw3ia,12.915574324504725
id_k2707sckem,13.988759253896342
id_mpj0lnxacc,14.076246435915614
id_xp21rc9wlj,14.192447554450267
id_95qlrnfn3m,14.9205229772095
id_jjc390qqbh,12.82606778855309
id_5q6ntj5feu,13.74665362029948
id_ulrzxc6or4,16.23631537838146
id_wyvwl4bqdu,12.417471385433334
id_f5b42pbalh,13.830920512904765
id_3piuxvnarz,10.164457247626483
id_ujdq27dnuy,13.773744096720604
id_o3842mf5fv,16.02500413508296
id_vt4p2wegs4,22.84750029871682
id_z4g1p19t95,13.824526847076397
id_bhmbzfmckd,18.328567984512027
id_lx1nwyvve4,18.968233240705825
id_4nsm6zzd4h,17.188838521553958
id_9jra8eod1e,19.42773830231312
id_qbc2s39kpt,20.382579467429174
id_hwtnn2m6nj,18.367198591533313
id_xmn0zn0jvp,21.124155229796923
id_5022yedndd,21.99026636023916
id_wdxog5yev9,19.012743793271923
id_aokky0eeqq,25.650486934484746
id_1929ukjz7m,27.666842970414162
id_6ezdibfpl6,21.957986824739432
id_muark7nz6q,31.25709604910222
id_l6s3otmx1p,35.186468916943404
id_evzd01c14s,41.47665369996683
id_h40j4g6lko,38.08304041318046
id_kn6e9u36j4,23.05402710867858
id_8j6zj2o5v3,27.705424117344972
id_mdql0oe5vo,40.4574396646985
id_0ejmzowt7c,37.712030448000455
id_l7koi9bqvu,44.81503411466929
id_zq9peruavc,47.774587991665705
id_w9vfge8zvy,23.595021219207464
id_m1u3t8z35l,36.511861136664635
id_2akds1jali,36.01051205526958
id_wejvfo8xac,45.471817335049494
id_wdhrtx9pfs,51.04166162835667
id_ss8ixmpjdu,8.953569433613506
id_8v78f3tzgd,11.622734361218866
id_1mnkwpnpkp,12.108817116285016
id_jxl5nffktz,12.578651361998979
id_k4hums63fu,11.541425231274783
id_cb40n09vwf,20.20248284794412
id_ojvdj9l7ir,15.429855182928826
id_8xzd5q9b2n,26.402772788741753
id_a2oil7cfw8,19.00286423751446
id_3eb707sqy9,20.679339025456947
id_fqpoallv5t,18.67562313064253
id_a0lghu0yk4,20.595097082853847
id_2s5h4jyu48,23.126820474327165
id_tfr1w48698,21.265610254422285
id_jw7cwte35h,22.19390007189194
id_4myw2ppn88,19.434694584231487
id_nu2j6ezn8a,24.827051597634764
id_1pi7rar7w0,31.90281852628567
id_lp1eem68uu,21.81131278268614
id_i59r7imuxn,17.58848731877936
id_jfhvjfzvfa,18.505380716309222
id_co08yelk6i,19.9320835057895
id_ozh35h3nct,17.404191637231907
id_cf9woqagxi,18.60127647153121
id_4pbhg788eu,23.335488242397464
id_xqnx58hv20,19.851369952618317
id_g7e6fyre5k,16.930211778068898
id_i5kwutfr3y,25.504961787931077
id_xl68jb742r,24.534460237474285
id_dcvf785h1y,22.880833689184236
id_n38vpdzrl5,18.13596146987951
id_8520840u02,16.54387519358094
id_27mp59yu1m,16.077002127625327
id_053nn3pbfz,22.470753682779662
id_1hkqlxmn2v,22.470753682779662
id_h8b77jfadh,24.930377553971997
id_ohfvgfke8w,23.027229681697886
id_i89aiadf4j,25.62379116745693
id_dczobb4ttq,17.53563939949888
id_xu9ib17loe,19.581549259926096
id_i9njn3noh7,23.295541901287553
id_90v0etup0d,25.497158811722084
id_9p6b0j3eu6,18.35196815935167
id_xbtp6hvq7f,18.19653908064204
id_4p48d96fhm,17.155308021762814
id_34ll84rx9f,21.867004796587988
id_xvk1eas2cj,20.746601347169637
id_u3byzh8on6,16.463608748711437
id_9mmhnd07no,19.25199730119695
id_tf59fmc5uk,18.41878088638333
id_eu8lfqr566,22.970515316663032
id_quspwoer1c,16.13069090148568
id_1udgdtpt4j,17.34931609320227
id_mp1wgahaac,14.851944398040473
id_ah05rwmnc0,21.516520455070193
id_99pzz5yuak,23.765106783015437
id_sts4gl2h3h,13.18579173184684
id_wkw4zd0vo6,16.21154585623119
id_42mzemmqf8,21.440341892359918
id_pfup6tmwcc,12.915574324504725
id_g57cpderdh,37.712030448000455
id_snv67pqv74,13.988759253896342
id_9htd0dd4o4,14.076246435915614
id_wvy11x9u8t,14.192447554450267
id_biytotjie2,14.9205229772095
id_xtb5hfw6bd,12.82606778855309
id_65l5hak91b,13.74665362029948
id_16p4qjzi91,16.23631537838146
id_fa6j0h18yu,13.830920512904765
id_0hpi956wos,10.164457247626483
id_6llaal44lz,13.773744096720604
id_bg7586se6s,16.02500413508296
id_dr24ka6xxv,22.84750029871682
id_zova02slaz,13.824526847076397
id_4aa970r08o,18.328567984512027
id_5v2k81ndi3,18.968233240705825
id_w0w2t7llmy,17.188838521553958
id_3v0pkvcpfh,19.42773830231312
id_5jyp9jh31b,20.382579467429174
id_s851gktvnq,18.367198591533313
id_0c31rjprf8,21.124155229796923
id_iclf8934dw,21.99026636023916
id_i0kzmw9707,19.012743793271923
id_mh8gne9yti,25.650486934484746
id_ztrwp444jx,27.666842970414162
id_7pzbvg9uxi,21.957986824739432
id_zyh4qgghaw,31.25709604910222
id_tirnjget2u,35.186468916943404
id_f89ptvm1ms,41.47665369996683
id_s5dy4d934y,38.08304041318046
id_0h4f1xrjyj,40.4574396646985
id_rbat046yjy,37.712030448000455
id_6o66xnm1yu,44.81503411466929
id_lv893wwhs3,47.774587991665705
id_t6381wgsi2,36.511861136664635
id_sgt84ewftt,36.01051205526958
id_hbt3rrighm,45.471817335049494
id_gmsjw4fd0u,51.04166162835667
id_rfko1do0hk,13.792310244029435
id_zbl8jgb2uw,8.953569433613506
id_1syuqnv0zf,11.622734361218866
id_505znfwne9,12.108817116285016
id_64xsijlwga,13.28254461547031
id_np7zxu024l,15.879135590108515
id_72gfwpdc4j,14.27845376363582
id_0cmp4g2ubt,10.764570511353059
id_e6wx5c307f,12.578651361998979
id_05luzgibct,11.541425231274783
id_13vd6nfqlg,15.527977617955584
id_dk3pcbei6n,21.235544156947793
id_b98ce0qkq8,20.20248284794412
id_dul45idm6l,15.429855182928826
id_t0xjo4dade,26.402772788741753
id_nk6tuv7y71,19.00286423751446
id_eg12ovcwpw,20.679339025456947
id_hlwwfh3qu7,17.849460299833076
id_kkhhupasf0,18.67562313064253
id_gnh3lx8tp0,23.008628676441557
id_k9sufsvlha,20.595097082853847
id_ars5keh0vw,23.126820474327165
id_r3gn7hnst8,21.265610254422285
id_asxb2wtleg,22.19390007189194
id_zbfwtwc0o0,19.434694584231487
id_y25nozzr46,25.803422567992484
id_hvslvvau3s,24.827051597634764
id_ow5f3qjobm,31.90281852628567
id_afzc6ul1wy,21.81131278268614
id_xk9bv6spi8,19.839000837102756
id_cd4wv6i21d,17.58848731877936
id_lhe7t7ml8n,18.505380716309222
id_atxrpetdw3,19.9320835057895
id_0aj1mxix9q,19.279576002540832
id_no5yjlcm3g,17.404191637231907
id_bjvx3ng7q9,18.60127647153121
id_uvoli7jkk3,23.335488242397464
id_8le9qqlixz,19.851369952618317
id_a3jcz7fc27,20.9541062108247
id_793ke4x5e5,16.930211778068898
id_loljxr0mo6,19.3679373709911
id_0v8evpy2qs,25.504961787931077
id_0bmqcvks9i,24.534460237474285
id_ug9e8wl8h0,22.880833689184236
id_aonmnfwfqw,18.13596146987951
id_9h7w4b7oww,16.54387519358094
id_6gxul944md,16.49863479219392
id_8y3pcwqv5b,19.713044422303764
id_6gvnwx27b9,15.810469303950303
id_w0zxvghizq,17.476902288161362
id_wmscdo85fe,16.077002127625327
id_xrbsdkk2c4,22.470753682779662
id_pcqx5u6le6,22.470753682779662
id_6smk5au66q,24.930377553971997
id_xmzhq3a015,23.027229681697886
id_ueml1oc6xg,25.62379116745693
id_tycn46bdt5,17.53563939949888
id_uhm4o38ksa,19.581549259926096
id_zz4zc4dfvr,22.84377274536048
id_3dps54vf0f,23.295541901287553
id_hp0ejuyv3t,25.497158811722084
id_qod41j7e0e,18.35196815935167
id_4s4s9ljllh,18.743321153771042
id_8vmswwvy31,18.19653908064204
id_hgbeyzbqa9,21.164886169503077
id_9eazgq4i93,17.155308021762814
id_15tfvndhja,21.867004796587988
id_akw3lvhlr6,19.565607319069052
id_pdrnzevlv5,18.06451897171357
id_k786vuzcmw,20.746601347169637
id_ii36qck65t,17.507016468147114
id_luo9wejxo5,16.463608748711437
id_dv7y922sze,16.891367008646203
id_zcs5e5jjv3,19.25199730119695
id_nl1ahmmrsk,16.60062729229335
id_n2j1w4zr7n,18.16742778427311
id_edhr3ruhca,22.079293372492703
id_gqpsd6uict,21.959695202031256
id_qowgzlfn74,18.41878088638333
id_qs2l2xtdjm,22.970515316663032
id_4lrdvrygkh,16.312078299059436
id_auybt6kold,16.95540842528754
id_ufe7g778jt,14.669874170105043
id_7324fwd9hf,16.13069090148568
id_sn73v8vz1i,17.34931609320227
id_ojcp5cpvj0,15.21266086187537
id_op1s93i84z,25.500525467971325
id_io2lx9odns,13.984382882104653
id_06zbl7jtc1,13.020730297024288
id_1ttiqk66yv,21.516520455070193
id_4pt0caxqat,23.765106783015437
id_ws58vo2yzn,13.18579173184684
id_tce3ozp394,13.404584495265716
id_q7t9b05o1s,14.027713719930418
id_awrm3qdtbv,13.742842838195648
id_la85j0outl,16.21154585623119
id_i6yqhfapf6,17.600456882397122
id_snwy8kzkae,15.087382691247566
id_6v79axy48w,21.440341892359918
id_4t3anhqio5,16.728730451126797
id_q74mccdm81,12.915574324504725
id_ikn6e0mpzz,17.937955228714983
id_v8txb18kd0,13.988759253896342
id_audlh8gjcf,14.076246435915614
id_zfs5kudqv5,14.192447554450267
id_rz81mldmne,14.9205229772095
id_h4oa84i9r6,12.82606778855309
id_htkc980daf,13.74665362029948
id_66wzrdbk8j,16.23631537838146
id_p8oxssnqa5,12.417471385433334
id_thd2r3g438,13.830920512904765
id_8ac2fo3bzi,10.164457247626483
id_9ukm2znbos,13.773744096720604
id_vq9e0a0452,16.02500413508296
id_8ao6r0by2m,22.84750029871682
id_hgrtbz1nsy,13.824526847076397
id_7dyx4tphmb,18.328567984512027
id_int2pnz27d,18.968233240705825
id_1gi9fmazsp,17.188838521553958
id_5dhzpnfsc8,19.42773830231312
id_olg30s5x5y,20.382579467429174
id_t5523jtnh4,18.367198591533313
id_vqcahchrt6,21.124155229796923
id_fk1sa9hbwa,21.99026636023916
id_ok160agwht,19.012743793271923
id_xu17k53yq5,25.650486934484746
id_xmzcqauw3k,27.666842970414162
id_aour5rgxfv,21.957986824739432
id_nujzd9pafg,31.25709604910222
id_icrv4paofp,35.186468916943404
id_9yatzebc2c,41.47665369996683
id_gtjn6hxle0,38.08304041318046
id_m6f7hnj4t0,27.705424117344972
id_1v1fi85h14,40.4574396646985
id_7sp5685ieu,37.712030448000455
id_liqr0uwqrd,44.81503411466929
id_03lwil97qb,47.774587991665705
id_b3j3fd3rmh,16.999541515279628
id_sifhxybxky,11.369222942651605
id_hz8r2su7q1,10.807258815325113
id_idsihhjz6g,16.19843546919051
id_o866qvk74p,13.037009528372758
id_0u1n7gtyxp,10.832893750691415
id_lyrsajp3xp,11.937283651902645
id_bzccsloevv,10.10686429274485
id_9c9z014n0r,12.532100479359602
id_0che20octp,12.637243649405791
id_8lyeumoumq,8.953569433613506
id_9wiy3lc33n,11.622734361218866
id_9a78zekrny,12.108817116285016
id_59yb1kfkkt,13.28254461547031
id_5qugn6f0n4,15.879135590108515
id_ch556d7iza,14.27845376363582
id_yljh4w9iu6,10.764570511353059
id_cngpsdvk41,12.578651361998979
id_cpc394pksr,11.541425231274783
id_9e8yludv11,21.235544156947793
id_wmvjf8lqx7,15.429855182928826
id_fxa58eejly,24.827051597634764
id_lrnh9ds8zh,17.58848731877936
id_14c1s7ewjb,18.505380716309222
id_8h35d7as03,19.9320835057895
id_pirch232ad,19.279576002540832
id_l2k4cwt2y4,17.404191637231907
id_bv77jcdr0q,18.60127647153121
id_fdqc1chspp,19.851369952618317
id_62ln78y7zw,20.9541062108247
id_r6uupiy606,16.54387519358094
id_pkr851vgsb,15.810469303950303
id_5dt20d24kt,19.581549259926096
id_14iduc4f9l,18.35196815935167
id_s0oyk7nplc,18.19653908064204
id_ohoxj2ghjr,21.164886169503077
id_lx42qav5js,18.06451897171357
id_7y4q699t9l,17.507016468147114
id_dp3acipvh6,19.25199730119695
id_t5pefcc5b8,16.13069090148568
id_lpt30pg4he,17.34931609320227
id_3t6sgybjdl,14.851944398040473
id_9n0a6kx46d,12.830704612958753
id_slvqhia6kd,13.984382882104653
id_8ulyzkbx2b,13.020730297024288
id_jo0fplisra,13.404584495265716
id_dy11ridu3w,14.027713719930418
id_3qf6thp1zq,16.21154585623119
id_irq21mxj78,12.82606778855309
id_w2cuumaw3w,16.23631537838146
id_nwr2vpkoe7,12.417471385433334
id_u3ih52igtc,10.164457247626483
id_o1esa8wsif,13.773744096720604
id_gwxneemm8m,16.02500413508296
id_mktr6ix79w,13.824526847076397
id_2ptvfeal81,18.328567984512027
id_elkdukvihq,18.968233240705825
id_qwk4cugilm,17.188838521553958
id_1oz3u6pwhi,19.42773830231312
id_y0xvef09vq,20.382579467429174
id_23gmc7gsmv,18.367198591533313
id_r0m6c354qj,21.124155229796923
id_r0sqad4l78,21.99026636023916
id_ghdqd5jsd3,19.012743793271923
id_x8bwqtepbs,25.650486934484746
id_ya5dvzycq5,27.666842970414162
id_9wue1vw0je,21.957986824739432
id_cv0ocjo7yc,31.25709604910222
id_tembu3gfxi,35.186468916943404
id_jtuteue33p,41.47665369996683
id_lzg90mlb1v,38.08304041318046
id_z5sz4wfbb3,23.05402710867858
id_po61337o0p,27.705424117344972
id_u3ds0qs0ja,40.4574396646985
id_ux2weabz73,37.712030448000455
id_8ew9nnhjzb,44.81503411466929
id_lpk5vf71ew,47.774587991665705
id_haz6ywphnk,23.595021219207464
id_7r1kfjjh14,36.511861136664635
id_663tkhfuc6,36.01051205526958
id_z9c1h7fnjj,45.471817335049494
id_9dx037ij0q,51.04166162835667
id_f67k2oy6ky,47.81983148989506
id_cphmkwhhm1,43.701238976691684
id_jhqjrinix0,44.06641953866696
id_n5se9alz2t,37.17340716622067
id_lcbe5mxkum,14.851944398040473
id_4fe6r13wal,15.21266086187537
id_ijzj8r2su1,12.830704612958753
id_msz2inba0v,25.500525467971325
id_qd11jjsx2b,13.984382882104653
id_b47e89k3ve,13.020730297024288
id_7mb9t9x9tu,21.516520455070193
id_mvbhi84jmq,23.765106783015437
id_3yqqem9nei,13.18579173184684
id_ivvauoj9x9,14.027713719930418
id_3jy613lg44,13.742842838195648
id_m91x6rqccu,16.21154585623119
id_8q076jp0mr,17.600456882397122
id_4zcmj012is,16.728730451126797
id_kpjiqdh6zr,12.915574324504725
id_dfajl055xn,17.937955228714983
id_frm2rh8uv4,22.06428445062163
id_yo72un0uym,13.988759253896342
id_wa7g7cyrfb,14.076246435915614
id_c0600luvkg,14.192447554450267
id_55u72g0c0l,14.9205229772095
id_efc4gex2lq,12.82606778855309
id_cdwfcwcj48,13.74665362029948
id_yc1gty3xqz,16.23631537838146
id_867am351jy,13.830920512904765
id_sf4b9w2jdc,10.164457247626483
id_vsa8h55f8i,13.773744096720604
id_ovpfocbku2,16.02500413508296
id_xbgzqf0szs,22.84750029871682
id_15v5x12fo2,13.824526847076397
id_gxgs0b70cv,18.328567984512027
id_g13m7fp2dp,18.968233240705825
id_cav3ox8jtj,17.188838521553958
id_vhu174dncs,19.42773830231312
id_o6tcsfwljz,20.382579467429174
id_98jqgum8n2,18.367198591533313
id_m9og9r3r2y,21.124155229796923
id_abn9ddpwtj,21.99026636023916
id_4zxljdntpc,19.012743793271923
id_y6howqrmjh,25.650486934484746
id_5ke4foxu8k,27.666842970414162
id_hjqgkm27l3,21.957986824739432
id_f5i3m6wxqj,31.25709604910222
id_j8hsu09w89,35.186468916943404
id_czurwxut83,41.47665369996683
id_prz1am7w85,38.08304041318046
id_8bkmhgqh7f,40.4574396646985
id_yz3ljcsheb,37.712030448000455
id_ss72nbk35w,44.81503411466929
id_gix31lwz9r,47.774587991665705
id_n5jqluy02q,36.511861136664635
id_vsz8smmdv3,36.01051205526958
id_hg0e7skz0t,45.471817335049494
id_esawyovxf1,51.04166162835667
id_hc62abtu6k,12.108817116285016
id_r8r0rkheji,13.28254461547031
id_xlindtdnz2,12.578651361998979
id_lnjrpbezhk,19.434694584231487
id_mgtu4ilbfd,24.827051597634764
id_5xqaypkkvs,31.90281852628567
id_w3so8j4bv7,21.81131278268614
id_7w1zp8cjcn,19.839000837102756
id_67uys7wrv4,17.58848731877936
id_r17gddig0j,18.505380716309222
id_e3vuqck2h6,19.279576002540832
id_fhszavu8ax,17.404191637231907
id_luamixbkgq,23.335488242397464
id_kqm2f56xwc,19.851369952618317
id_zyxetqm6wu,20.9541062108247
id_dz8pj6oclh,16.930211778068898
id_adeyv5o4f7,19.3679373709911
id_fz6qqj1h1a,25.504961787931077
id_n87wj2ambh,24.534460237474285
id_f70k3emlx3,22.880833689184236
id_vgoievdbtz,18.13596146987951
id_zh20dby41t,16.49863479219392
id_8bvi6lu9pe,15.810469303950303
id_q160zgg9me,17.476902288161362
id_4626is4jb1,16.077002127625327
id_yb12y6lzfu,22.470753682779662
id_q28sbilqoc,23.027229681697886
id_tum04j3i0k,17.53563939949888
id_rmvr6nrclw,19.581549259926096
id_htvqxawa72,18.35196815935167
id_fz1uc4v5j0,18.19653908064204
id_7b5p3b0df6,21.164886169503077
id_2g79ep4pkj,17.155308021762814
id_iqortjdma0,21.867004796587988
id_le8f4g0pzu,19.565607319069052
id_ekpzp4t5c4,18.06451897171357
id_gesmljsvjr,20.746601347169637
id_psei1suku6,17.507016468147114
id_hqwm0196vz,16.463608748711437
id_69rxifzt35,16.891367008646203
id_4o96zxaznr,19.25199730119695
id_3wrfo6380m,16.60062729229335
id_1fty7ttimn,18.16742778427311
id_c57ji3ham6,22.079293372492703
id_wvw6k6vp72,16.312078299059436
id_0p1s7vp852,16.95540842528754
id_b52rchktoy,14.669874170105043
id_xgf7g7nfe7,16.13069090148568
id_sm7nxaxevr,17.34931609320227
id_pyl58w1gtb,15.21266086187537
id_nqbx4rommx,12.830704612958753
id_19wzlmlzng,21.516520455070193
id_z1hdqiwyma,23.765106783015437
id_5mgd2i895h,13.18579173184684
id_60a72t2cay,13.404584495265716
id_a66evs0aqw,14.027713719930418
id_iuiyr65rvv,13.742842838195648
id_eaknqbzf77,15.087382691247566
id_stb9gc066l,16.728730451126797
id_qaykme2vjm,12.915574324504725
id_dt2xwaz5io,13.988759253896342
id_733wbi020k,12.82606778855309
id_m1jmaidc1m,13.74665362029948
id_iq7tgns55s,16.23631537838146
id_fyy6i6j06h,12.417471385433334
id_anv4htdeo8,13.830920512904765
id_f1xdbych81,10.164457247626483
id_vjajvq9znt,13.773744096720604
id_sqcw91cgln,16.02500413508296
id_w0kn8lsfm6,22.84750029871682
id_d0y2cmg99p,13.824526847076397
id_c0lde7ws35,18.328567984512027
id_nkpuzearf0,18.968233240705825
id_dny7wqpwsi,17.188838521553958
id_mut5ylxif1,19.42773830231312
id_6v6apoias7,20.382579467429174
id_aanbewd75e,18.367198591533313
id_g3wrkoouk4,21.124155229796923
id_nwndwrpf8o,21.99026636023916
id_21ug002h0q,19.012743793271923
id_pd01tyg62p,25.650486934484746
id_wcb0ckggc7,27.666842970414162
id_3xfe9y6qy2,21.957986824739432
id_sg7nyshurw,31.25709604910222
id_fl01fpudeo,35.186468916943404
id_oz6t207lje,41.47665369996683
id_yq2em36nu1,38.08304041318046
id_fe0mlkkqtt,23.05402710867858
id_1lzokw7hi1,27.705424117344972
id_1pgeidv7p1,40.4574396646985
id_lbrv1ljzfv,37.712030448000455
id_ws4vk1maeh,44.81503411466929
id_lkjm5o21jg,47.774587991665705
id_esgom4jjh0,23.595021219207464
id_5wgz7hxu3q,36.511861136664635
id_ce45fi3i9r,36.01051205526958
id_e0fmjam36n,45.471817335049494
id_t9gpc6cl08,51.04166162835667
id_4e0oh24nij,8.953569433613506
id_wcvcujkjfa,11.622734361218866
id_959hw03dsc,12.108817116285016
id_mfcbkrkwil,13.28254461547031
id_it7jxzllrd,15.879135590108515
id_8stz7b6m3b,14.27845376363582
id_6w3q8g9iws,10.764570511353059
id_w0ee2fe65l,12.578651361998979
id_fhgz7wzae3,11.541425231274783
id_w2rchmas4e,15.527977617955584
id_jmo9wtwu8m,21.235544156947793
id_uerluxmuy9,20.20248284794412
id_22yl0qw8q4,15.429855182928826
id_a9oc6x2g72,26.402772788741753
id_qbhgqc4yet,19.00286423751446
id_rn6vcvicw5,20.679339025456947
id_ytcdi9ix3q,17.849460299833076
id_qzfdep9u3c,18.67562313064253
id_33pv489fe5,23.008628676441557
id_u1gjjizqyk,20.595097082853847
id_w4rf4iv383,23.126820474327165
id_3zb1zekfcs,21.265610254422285
id_ertzpococf,22.19390007189194
id_y6ouxkmf0e,19.434694584231487
id_q4dvl9exoc,25.803422567992484
id_imi2dyvmxc,24.827051597634764
id_8flbm45nba,31.90281852628567
id_0d93zxtus4,21.81131278268614
id_xfxo3cb3tu,19.839000837102756
id_h8j2nrpseq,17.58848731877936
id_4gw4m9unp9,18.505380716309222
id_8lqfepep8r,19.9320835057895
id_lbql83v1pa,19.279576002540832
id_18r3kupks1,17.404191637231907
id_bz3fcm9azs,18.60127647153121
id_vxwc5l36hb,23.335488242397464
id_1m3ayw8orl,19.851369952618317
id_n7s22ti3u0,20.9541062108247
id_7ml18gt65i,16.930211778068898
id_pu8pv7gwz2,19.3679373709911
id_ru43es0zjg,25.504961787931077
id_n2y5dyb90j,24.534460237474285
id_v6dywtd3ti,22.880833689184236
id_gpm9b55dkf,18.13596146987951
id_envkemqd97,16.54387519358094
id_rm0pa4kk4k,16.49863479219392
id_s1qxkd8ot0,19.713044422303764
id_bwv1d5pcax,15.810469303950303
id_cvbktrmvyp,17.476902288161362
id_k4zxmef1ve,16.077002127625327
id_61jelkjb5z,22.470753682779662
id_0zwlyfwhg4,22.470753682779662
id_pipj3ap8ak,24.930377553971997
id_84xzjh13pi,23.027229681697886
id_zxct0q3dqx,25.62379116745693
id_5vji53n55u,17.53563939949888
id_7mup88cw2n,19.581549259926096
id_fomq0iryjd,22.84377274536048
id_5mq14kf61k,23.295541901287553
id_6tfrbtojwh,25.497158811722084
id_p1syd1j82p,18.35196815935167
id_2efu8wsf0t,18.743321153771042
id_nf6oaj6hmc,18.19653908064204
id_6szo04nr0p,21.164886169503077
id_k3zqwshvxx,17.155308021762814
id_xb9tzd4tni,21.867004796587988
id_1g1133mxj0,19.565607319069052
id_l51e1wtruw,18.06451897171357
id_qgc87e79ko,20.746601347169637
id_2efd5sv0eu,17.507016468147114
id_93di8172pi,16.463608748711437
id_b8vvdmeitn,16.891367008646203
id_ci6fg1tigr,19.25199730119695
id_c1zgt77fyu,16.60062729229335
id_78t3asrjbf,18.16742778427311
id_6oanpv3bs7,22.079293372492703
id_zdhxor1yx9,21.959695202031256
id_hjug95reos,18.41878088638333
id_q5y6b2vxi5,22.970515316663032
id_lmmep6vt6f,16.312078299059436
id_ur485xrowj,16.95540842528754
id_yh8jpakk4u,14.669874170105043
id_xfom70rd8q,16.13069090148568
id_cx4og6dawq,17.34931609320227
id_bxqjc4lu8q,14.851944398040473
id_dfkdged93h,15.21266086187537
id_wpc07nnnn9,12.830704612958753
id_3w6yxmo14o,25.500525467971325
id_9xhx7zdwqp,13.984382882104653
id_fkcu4ryvmb,13.020730297024288
id_iydvhqnjpg,21.516520455070193
id_xfd5bd6mbb,23.765106783015437
id_pnfc3lxqxw,13.18579173184684
id_2fi5bq6vwj,13.404584495265716
id_6viyil1331,14.027713719930418
id_5gwjmv15on,13.742842838195648
id_76bk0rtwtl,16.21154585623119
id_f60ku7tfev,17.600456882397122
id_h191utquex,15.087382691247566
id_wi04z29d3r,21.440341892359918
id_fbntyg7wwr,16.728730451126797
id_v3zrqsqzxo,12.915574324504725
id_bw1b95righ,17.937955228714983
id_zp9ylpq5fk,13.988759253896342
id_t0g20s1n6l,14.076246435915614
id_dktjg2pt79,14.192447554450267
id_mik9bcfz5g,14.9205229772095
id_t7ahyyqmpl,12.82606778855309
id_mu6p2nd1yv,13.74665362029948
id_lff5hw3ol2,16.23631537838146
id_eccaetzkfx,12.417471385433334
id_z5lh6tnhu3,13.830920512904765
id_vg90abt8lg,10.164457247626483
id_b4kmym2z2e,13.773744096720604
id_a4bm9lp96l,16.02500413508296
id_ph0f1whio6,22.84750029871682
id_bn4murbtsb,13.824526847076397
id_mbkfsw8xc9,18.328567984512027
id_e2ybasubxp,18.968233240705825
id_6i3ti67p9g,17.188838521553958
id_bec40ri158,19.42773830231312
id_zacj6i063v,20.382579467429174
id_lol7o2igta,18.367198591533313
id_m2m6u5m8oo,21.124155229796923
id_g8kpxolorf,21.99026636023916
id_w57cuionsw,19.012743793271923
id_64x7iknxnp,25.650486934484746
id_umk48ombht,27.666842970414162
id_w8cmk8r8vv,21.957986824739432
id_vj0wx6wbs5,31.25709604910222
id_w7sma8wi3u,35.186468916943404
id_oqmb5rhi5m,41.47665369996683
id_i4y106oe8m,38.08304041318046
id_biglgqqok3,27.705424117344972
id_6026c6cyn7,40.4574396646985
id_ixvjw5pg83,37.712030448000455
id_w6kanjj090,44.81503411466929
id_qy2xteqn7k,47.774587991665705
id_6oi09e06us,36.511861136664635
id_37za3uvuvh,36.01051205526958
id_e1rym2u84c,45.471817335049494
id_85pjz4b5rl,51.04166162835667
id_ohyxbff88h,47.81983148989506
id_dz40i4pbqo,43.701238976691684
id_kfb0js1w3k,44.06641953866696
id_z6dnfzl23b,37.17340716622067
id_jkeoakg1zs,40.4574396646985
id_jvc6j31d7r,44.81503411466929
id_tp5jxexuje,47.774587991665705
id_dkv9vzan2j,36.511861136664635
id_21jsagai52,36.01051205526958
id_5j5wrd0r76,45.471817335049494
id_hafhcdf5fe,47.81983148989506
id_ng9duxlksi,44.06641953866696
id_1mrr0piel6,15.21266086187537
id_8dlgnof1yt,12.830704612958753
id_ayhykhxv08,25.500525467971325
id_5veb3455kk,13.984382882104653
id_0gw6p17v8i,13.020730297024288
id_h21k3oibhu,21.516520455070193
id_onax36r19z,23.765106783015437
id_kf6alfal6l,13.18579173184684
id_rgm4q6o0n2,13.404584495265716
id_051ag5i4ha,14.027713719930418
id_03ajztlcgf,13.742842838195648
id_h1gdh0ctos,16.21154585623119
id_wea0tzo38s,17.600456882397122
id_d77c6v7xlq,15.087382691247566
id_o5czlw27eu,21.440341892359918
id_z3b6rgvygb,16.728730451126797
id_iwwln55ll9,12.915574324504725
id_ctyaqjhqq3,17.937955228714983
id_bk5kqdpcvl,22.06428445062163
id_lcaeji5kvm,13.988759253896342
id_4iuroyo095,14.076246435915614
id_hwhg2nzcn7,14.192447554450267
id_zfyyzm0tfl,12.82606778855309
id_aks304uagg,13.74665362029948
id_5muf55bxe7,16.23631537838146
id_or8005ins6,13.830920512904765
id_5p0q5jonr0,10.164457247626483
id_qjskvygs4l,13.773744096720604
id_u5iqw2tz8v,16.02500413508296
id_gckh1uiy17,22.84750029871682
id_8uh4onl5v8,13.824526847076397
id_46wh4sy9gi,18.328567984512027
id_zd5wtd5tmi,18.968233240705825
id_8tax5ieqth,17.188838521553958
id_ouo0ii1gd9,19.42773830231312
id_ofkcbq4gav,20.382579467429174
id_yak2zy4o8d,18.367198591533313
id_lmj3zlydl1,21.124155229796923
id_r5cm1bhxkl,21.99026636023916
id_0zbo52y2xz,19.012743793271923
id_obd90peb73,25.650486934484746
id_yubp5ipspp,27.666842970414162
id_q44cbuudsn,21.957986824739432
id_kav1f2lb2r,31.25709604910222
id_gxbkwk0iez,35.186468916943404
id_ek9x8hre7u,41.47665369996683
id_r871vcfbl4,38.08304041318046
id_35iwrmt1yx,40.4574396646985
id_mgt3ob9nni,37.712030448000455
id_ata3d9u9ij,44.81503411466929
id_389jy0txmq,47.774587991665705
id_oaaxhllgnf,36.511861136664635
id_fpoz5ozfg7,36.01051205526958
id_hygp8jfsb2,45.471817335049494
id_tgmi1f70mf,51.04166162835667
id_8xhlkfw0vd,18.16742778427311
id_n02h09aa2y,16.95540842528754
id_vcfstyofl7,25.500525467971325
id_jjreek4wj9,23.765106783015437
id_x7op0k35jb,14.9205229772095
id_m0rro9r1gv,16.02500413508296
id_9ky9s3jqyp,18.968233240705825
id_ohpg2cpkpk,20.382579467429174
id_s13clcy2o7,27.666842970414162
id_2h4f3oh33x,21.957986824739432
id_lzsgsz7nuf,31.25709604910222
id_gnfl6qhq2v,35.186468916943404
id_izavvighqu,41.47665369996683
id_5mk7jbh470,38.08304041318046
id_y78kz2lj7d,23.05402710867858
id_r0jik026d1,53.39267908610611
id_4l552ar61j,67.21096569956438
id_yog4iw8i1o,66.79819520430068
id_pv5p2rds8o,71.88865187187275
id_1k5akrmzgv,38.33207860446775
id_ks7ucfmf06,83.29944560860821
id_15cuw1it4j,72.36964756924507
id_kfgdu8dkqk,76.36683369249292
id_aa4sqe4emy,52.52838842478814
id_zytuipkh4s,58.87593562295106
id_753xfgjvu9,70.98426792145497
id_lpvtn9w0zv,73.83267638018354
id_7asrrizo0g,59.54290402913766
id_8bwlfohvu1,76.38290650673163
id_1hy6gjm6kl,51.04166162835667
id_qsf30wtdhv,17.404191637231907
id_1uv0ibuczo,18.60127647153121
id_80csjj6d48,22.84377274536048
id_n1g3zkow2a,18.35196815935167
id_qjt5kb3u6x,18.743321153771042
id_6e8d5kqq5q,18.19653908064204
id_wvhdr0r7th,21.164886169503077
id_x5r3svy996,17.155308021762814
id_o9ggz31qgu,18.06451897171357
id_gv60syhrk2,20.746601347169637
id_g3j3o1t4sz,17.507016468147114
id_laabpazmxh,19.25199730119695
id_eho4ay6smw,18.16742778427311
id_w8nvwfcpmm,22.079293372492703
id_btnsop89b3,21.959695202031256
id_0w6dn0yvk6,22.970515316663032
id_gpznwpt7ys,16.312078299059436
id_z23dyz3slb,14.669874170105043
id_2ojx7eu8qw,14.851944398040473
id_98t8cdz765,15.21266086187537
id_8f9m9dleze,12.830704612958753
id_oeaawvliom,13.984382882104653
id_ov5yh9unz0,13.020730297024288
id_syrmc724fl,14.027713719930418
id_wsfou7xddv,13.742842838195648
id_gdrcof729w,16.21154585623119
id_yyeq995o40,15.087382691247566
id_mhj0m6vsoz,16.728730451126797
id_d51371db4v,14.076246435915614
id_nrt1xvsex3,14.192447554450267
id_e0e2p1877w,12.82606778855309
id_ezhbu5sh62,13.74665362029948
id_c4pskc8s76,16.23631537838146
id_r0ufs02ezc,12.417471385433334
id_hk47qerjv3,13.830920512904765
id_8qq33hqkxq,10.164457247626483
id_w1qz8bdksu,13.773744096720604
id_n74jn7d5ct,16.02500413508296
id_b2yadnldic,22.84750029871682
id_484yc688bf,13.824526847076397
id_5w25kqbc16,18.328567984512027
id_9n8atixf1w,18.968233240705825
id_5f8seqeob8,17.188838521553958
id_h0d3gkad49,19.42773830231312
id_g7kvipny30,20.382579467429174
id_hmwh1yqafb,18.367198591533313
id_xjzlyzcmgj,21.124155229796923
id_inhwqwpuun,21.99026636023916
id_wsm8a53caa,19.012743793271923
id_r9mlk12372,25.650486934484746
id_oisa8d97gd,27.666842970414162
id_6ab55sm71v,21.957986824739432
id_too46nmh07,31.25709604910222
id_r5m6g5ftw3,35.186468916943404
id_g6vqehwv9h,41.47665369996683
id_na1dwva2t9,38.08304041318046
id_nr83m898q4,27.705424117344972
id_588qh1lkgp,40.4574396646985
id_1k70mcdia8,37.712030448000455
id_4kvsbq5i01,44.81503411466929
id_u90ok9v1g2,47.774587991665705
id_f7jhr0tzyj,23.595021219207464
id_496ds7trwi,36.511861136664635
id_rjedrxh5ol,36.01051205526958
id_iznxqqg86k,45.471817335049494
id_r2nitpoo6n,51.04166162835667
id_ako3197fah,21.867004796587988
id_nprrbmfek0,19.565607319069052
id_bmxffkemr6,18.06451897171357
id_w7doelm7x4,20.746601347169637
id_8z87l1y49i,17.507016468147114
id_ebkjvn720n,16.463608748711437
id_tc14hgelz9,16.891367008646203
id_a574b55rgm,19.25199730119695
id_dz6m95a6g7,16.60062729229335
id_wei7m8hy0n,18.16742778427311
id_hj9g1ena8l,18.16742778427311
id_hxkqt31oj0,22.079293372492703
id_j9xr0ullvp,21.959695202031256
id_dhxexr0nl8,18.41878088638333
id_thyiz3erhs,22.970515316663032
id_vfer04eoj5,16.312078299059436
id_dtjlkdb6na,16.95540842528754
id_wjevf26x7g,14.669874170105043
id_js2e45rmts,16.13069090148568
id_h4sopez1xq,14.851944398040473
id_tli2tt2lre,15.21266086187537
id_nml7r1ihuo,12.830704612958753
id_ny3rzr8dw4,25.500525467971325
id_dgyrdg3c7c,13.984382882104653
id_5xl1ofkel7,13.020730297024288
id_s9z5qdtsok,21.516520455070193
id_wzznck6hr2,23.765106783015437
id_2jrs4cf50t,13.18579173184684
id_zr9i8iyl05,13.404584495265716
id_ywr3489vgm,14.027713719930418
id_40yosi6uqe,13.742842838195648
id_hvj85b4s27,16.21154585623119
id_ve7iodkk5x,17.600456882397122
id_prcsjcgmvr,15.087382691247566
id_urporbfca8,21.440341892359918
id_hnh9veqj44,16.728730451126797
id_66ujv86e23,12.915574324504725
id_op00lvkxjn,17.937955228714983
id_0h1a9dhuum,22.06428445062163
id_ng6gkjkewg,13.988759253896342
id_u3q353kzgc,14.076246435915614
id_ykfovbo3gm,14.192447554450267
id_k2wnuw9gop,14.9205229772095
id_n742fvx1ah,12.82606778855309
id_ecz5hhz0iz,13.74665362029948
id_t3tupepv7y,16.23631537838146
id_touyxi6cd9,13.830920512904765
id_fv0z5li929,10.164457247626483
id_1rbmh121yv,13.773744096720604
id_jxivfqw95m,16.02500413508296
id_c99mmbda9h,22.84750029871682
id_amvzqnr8uh,13.824526847076397
id_vd8i2z3hob,18.328567984512027
id_sq6qs6ygpd,18.968233240705825
id_grfpl7lzzm,17.188838521553958
id_rqzxw5tozc,19.42773830231312
id_74zv2ut2b5,20.382579467429174
id_je1zddxbcz,18.367198591533313
id_p1lsa0r1uy,21.124155229796923
id_466f3sjyaa,21.99026636023916
id_6bji5k248v,19.012743793271923
id_xmf644v3gg,25.650486934484746
id_7ww556yt1z,27.666842970414162
id_1kv2mm53gl,21.957986824739432
id_gogfzwk8d6,31.25709604910222
id_4ijyknjpyw,35.186468916943404
id_51yb1ejvyp,41.47665369996683
id_e8kgwianqu,38.08304041318046
id_01xma9jtcq,40.4574396646985
id_b4c2qvjsq9,37.712030448000455
id_kkxio9kyth,44.81503411466929
id_eo46mly8qt,47.774587991665705
id_x6q1xzuux5,36.511861136664635
id_o9paw0x3kv,36.01051205526958
id_rmptreswq4,45.471817335049494
id_t3b2vd5gaq,51.04166162835667
id_1ccceino2g,40.4574396646985
id_pkszxukfw8,37.712030448000455
id_irjroluzw5,44.81503411466929
id_41oiry183k,47.774587991665705
id_cfcgnt1ghb,36.511861136664635
id_sjd7rg1oll,36.01051205526958
id_364xgx2f9d,45.471817335049494
id_fy2bmhco3s,51.04166162835667
id_axh2ddc911,47.81983148989506
id_29vkc8fnf2,43.701238976691684
id_4ohuy386ux,44.06641953866696
id_ny7vfafssc,37.17340716622067
id_is7lidy1mf,16.999541515279628
id_3gzqnrpvj1,11.369222942651605
id_tgs79jz18s,15.315316856517386
id_1vuxj43b5t,10.807258815325113
id_0li1v5bnou,16.19843546919051
id_2rkm63c28h,16.400195090867147
id_u4ue41ptfe,10.402672288042837
id_hqm9ncx8e0,10.832893750691415
id_nm7ygb4b3l,10.10686429274485
id_jh45q5uczs,12.532100479359602
id_8wae60vl8s,13.792310244029435
id_oew1wkaotf,11.622734361218866
id_2blz0nu3gr,12.108817116285016
id_8561e57ms1,13.28254461547031
id_6l2yazaml7,15.879135590108515
id_u8x5imye5i,14.27845376363582
id_3n4fcuig6s,10.764570511353059
id_63yqksu7g8,21.235544156947793
id_vr7oawtyr7,20.679339025456947
id_hucimtkqcs,19.434694584231487
id_en1o2lrl13,25.803422567992484
id_7unrf37lps,17.58848731877936
id_airjz9ye97,18.505380716309222
id_scnvuwxqzg,19.9320835057895
id_e660aintu0,19.279576002540832
id_xp5zllo7bm,23.335488242397464
id_9vmhojq424,19.851369952618317
id_1qhlpx2pcm,20.9541062108247
id_qedyi4kq32,16.930211778068898
id_vyxdm338eq,19.3679373709911
id_g2ct966v3a,16.49863479219392
id_npft5kn5zd,17.476902288161362
id_d9roa39323,25.62379116745693
id_7jxotkoa6i,19.581549259926096
id_io83k3isds,22.84377274536048
id_0phnbrqgvq,23.295541901287553
id_8fhskk4v0o,18.35196815935167
id_jmark42lrd,18.19653908064204
id_4uoyxutrk9,21.164886169503077
id_z3ne71faqd,17.155308021762814
id_3lsi6od9kk,19.565607319069052
id_wnmtya2xe4,19.25199730119695
id_kxpxubm2ks,16.312078299059436
id_jr62xr6pn0,16.95540842528754
id_i1ndfhbqh8,14.669874170105043
id_xbzzfn775f,16.13069090148568
id_2jgxgek3pp,17.34931609320227
id_cz0j93tjn1,14.851944398040473
id_ibjyuosq7h,15.21266086187537
id_qdj44e8qxy,12.830704612958753
id_pr6ybzbo04,13.984382882104653
id_6is3wqphrp,13.020730297024288
id_a19c8qy624,23.765106783015437
id_fccl3r4vhn,13.18579173184684
id_lpadx9ljyn,13.404584495265716
id_yrlxid7w5f,14.027713719930418
id_iyelznc712,16.728730451126797
id_d4zyhlrp7i,14.192447554450267
id_yamlzhxpzl,13.74665362029948
id_69z3k5udxl,16.23631537838146
id_250ilall7a,12.417471385433334
id_5oh31qlbqd,13.830920512904765
id_g0pt3qxex9,10.164457247626483
id_wecofpgirx,13.773744096720604
id_srbbfyzb4y,16.02500413508296
id_9dwlszpc6f,22.84750029871682
id_rx1c8t309y,13.824526847076397
id_ihc33303cp,18.328567984512027
id_efyw9jlc2d,18.968233240705825
id_r4qda17kgf,17.188838521553958
id_ztkiuvq97m,19.42773830231312
id_57vj6lphyj,20.382579467429174
id_1a219llt0x,18.367198591533313
id_7dum8n5jfs,21.124155229796923
id_mprnfw8jby,21.99026636023916
id_4kwyl8vwk1,19.012743793271923
id_hkd5b8lkry,25.650486934484746
id_ugse3zoarv,27.666842970414162
id_2mihn0ik0d,21.957986824739432
id_eq3nj1bw4i,31.25709604910222
id_eztbfv2vvq,35.186468916943404
id_j822qt24o8,41.47665369996683
id_nyc1n6dupk,38.08304041318046
id_5rfy4jo9id,23.05402710867858
id_z30ciw3guv,27.705424117344972
id_cikel8zc0d,40.4574396646985
id_pn6ira1t7j,37.712030448000455
id_etyxjytmkl,44.81503411466929
id_vk4ybuoyry,47.774587991665705
id_qm010ay0yb,23.595021219207464
id_ufglp9d8e6,36.511861136664635
id_vfxihvxog9,36.01051205526958
id_gx87k11mh3,45.471817335049494
id_5yblexf7zp,51.04166162835667
id_c9cycuvetl,47.81983148989506
id_8xu1ardxni,43.701238976691684
id_aumy97t1iu,44.06641953866696
id_cv1dq53hzh,37.17340716622067
